episode,reward
1,102.03776132524945
2,-89.22804334014654
3,-89.71125795692205
4,-163.8728094175458
5,-88.73086951673031
6,-89.19334771484137
7,91.48306909948587
8,-90.55306102335453
9,-88.84930517524481
10,-96.43168380111456
11,-89.81026174873114
12,-89.98083687573671
13,-89.04279571771622
14,-90.04250909388065
15,-89.47037365287542
16,-90.31854055821896
17,-90.12578728049994
18,-80.9819335192442
19,-89.499253295362
20,-89.9120209440589
21,-89.82740308344364
22,-89.52905943244696
23,-89.58141951262951
24,-88.51737072318792
25,71.92382926493883
26,-89.03435806930065
27,84.40348352491856
28,-86.8903436884284
29,92.98406156152487
30,-88.55678038299084
31,-86.42839624732733
32,-87.28241374343634
33,-81.48504119366407
34,-86.1364522203803
35,-89.75760214030743
36,-87.41292383521795
37,-86.37240602821112
38,100.57676853984594
39,-87.7783618196845
40,-86.3088293299079
41,-94.44440936902538
42,-85.49869491904974
43,-85.91421749442816
44,-85.09260849654675
45,-85.26574566215277
46,78.93691898137331
47,-89.5766899138689
48,-85.33397295325994
49,-99.2761908993125
50,-86.39226558059454
51,-88.4424152597785
52,-94.96408846229315
53,-84.46113014873117
54,-84.63346613198519
55,-86.01956870034337
56,-86.03912975639105
57,-78.43124593049288
58,-85.92726614326239
59,-90.62916154414415
60,-87.72280719131231
61,-88.64122655242682
62,91.77008623629808
63,-86.59350278228521
64,-87.06894996017218
65,-84.3156598135829
66,-88.05847647041082
67,-86.82368090003729
68,-97.67295855283737
69,-87.16847088187933
70,-82.18968454748392
71,-84.99154902622104
72,65.30768905312289
73,72.9358396679163
74,-86.15187169832643
75,-89.88377933949232
76,-88.46892311424017
77,-88.63656427711248
78,-82.41730062663555
79,-88.42396356910467
80,-87.12883307784796
81,-76.15785137563944
82,63.826275177299976
83,-106.84191111475229
84,65.44609573483467
85,94.40086460858583
86,-87.81182100623846
87,-85.59644823521376
88,-90.72389601916075
89,-107.25090155750513
90,-84.61376430094242
91,-83.91509963013232
92,-103.18041436374187
93,-88.47854044288397
94,-91.16981402784586
95,73.10566706955433
96,-83.80801751278341
97,-90.43371538259089
98,85.56445313245058
99,-83.9076967407018
100,-85.35385879629757
101,-85.10965111106634
102,-84.01459981873631
103,-76.864650785923
104,-82.13112163729966
105,-85.85506135970354
106,77.38246601773426
107,-82.80510665476322
108,77.62176119722426
109,78.62241553142667
110,90.88861884921789
111,-79.63022464726237
112,-93.00987927429378
113,-78.35477604190237
114,83.90670609660447
115,-78.57557486882433
116,89.8525443226099
117,-76.41341600359738
118,-76.06963594708941
119,-104.21437220275402
120,-77.10759080763091
121,83.73123549178126
122,78.13949026912451
123,81.21775398089085
124,-76.16572913367418
125,-101.84184599481523
126,92.76503460854292
127,87.25866329074051
128,89.24840202182531
129,-88.51135148776666
130,-76.78414688678458
131,69.86594355804846
132,-78.01223630958702
133,-75.81739289518737
134,82.77966441505123
135,-105.88806933106389
136,84.12938552955166
137,-79.2130622310433
138,89.78882599808276
139,-73.28975381143391
140,-75.59674699446623
141,86.61531969346106
142,91.78948793746531
143,-153.85438086092472
144,79.59229498938657
145,86.85860867984593
146,-102.42247691415832
147,79.5111166719289
148,82.55086823474267
149,-85.28802247578278
150,96.200150616467
151,93.42505858838558
152,81.88682448363397
153,-73.19639018597081
154,-101.44772210839437
155,-78.93766443931963
156,-95.36374726879876
157,76.43171898369474
158,-80.26249833544716
159,-87.16788139659911
160,-76.24063238993404
161,-75.38358574843005
162,-106.01231361180544
163,-73.12528853191179
164,-73.67129920751904
165,-73.77823192447431
166,-75.51379498225288
167,-111.27933484688401
168,-78.97593824996147
169,-96.37088387893164
170,92.53206040710211
171,71.28453390300274
172,-81.59455893875565
173,98.22147540003061
174,-80.18688078108244
175,85.41944407857955
176,-80.5524937618975
177,-97.50390789657831
178,-82.44984531030059
179,-93.54110379179474
180,-81.28085633297451
181,-80.30558604607359
182,-99.5863409563899
183,-82.64229321666062
184,-79.79804883664474
185,78.17519793100655
186,-80.85525700077415
187,87.94862653687596
188,-80.59932514408138
189,75.9492139511276
190,-71.87565100751817
191,-81.44186566956341
192,-79.92045539585524
193,-94.02046947926283
194,-80.6332561558811
195,-91.51864412100986
196,88.96732092835009
197,-81.30560251232237
198,-81.36596700773225
199,-89.2795134857297
200,88.09421972185373
201,-80.99224182404578
202,90.0262864176184
203,-82.42396974796429
204,85.33187579363585
205,76.18792377924547
206,-82.2478721421212
207,-82.32413292117417
208,71.61687505617738
209,96.52628380805254
210,-83.60371257737279
211,-82.38556791096926
212,-82.18244593404233
213,82.95248928666115
214,-81.94464825093746
215,-84.06774759851396
216,-82.61689329333603
217,72.60895390203223
218,-76.19019690714777
219,-82.9948492180556
220,91.30408415943384
221,-97.44928334467113
222,-81.54203889612108
223,-83.81577493809164
224,-79.49063531291176
225,73.92414747383737
226,77.80756377018406
227,-96.04306644201279
228,-75.62316187279066
229,81.98589369468391
230,-99.34013918042183
231,84.92544185579754
232,80.78655104944482
233,89.48611941933632
234,-91.94613468879834
235,83.83876857161522
236,-76.99131285506155
237,68.71481946110725
238,-76.34642609755974
239,81.40358850266784
240,-95.83422600151971
241,-74.69294767415704
242,80.04828035889659
243,-93.92091344704386
244,-74.03870349799399
245,87.8844163226895
246,-99.32700306316838
247,89.25287251919508
248,83.90804457955528
249,75.60164084466669
250,-84.24920660897624
251,-75.57233938176068
252,-86.52964035066543
253,-75.45178637117351
254,-74.76672059695557
255,85.13647129479796
256,-87.81188500672579
257,-75.78525217657443
258,95.13515631109476
259,92.45579988509417
260,102.09767161123455
261,-75.63732392701786
262,83.12767275853548
263,81.13674475322478
264,-86.78681423177477
265,92.56983534246683
266,84.71498109400272
267,-76.96719775677775
268,-79.50569167325739
269,-80.37786550889723
270,-78.93483430845663
271,79.41649359487928
272,-77.1095725078194
273,-103.28306765609886
274,83.72863555393997
275,83.42308338731527
276,80.39596102945507
277,-98.39865976246074
278,82.80305152083747
279,-77.08742202122812
280,-94.58899359824136
281,-74.60040481330361
282,85.06177347432822
283,-100.96093997731805
284,79.76666816044599
285,-75.86122210579924
286,91.67264589481056
287,-91.4922696724534
288,-79.82198852754664
289,-90.84421522635967
290,-80.12981175119057
291,78.4282525232993
292,-98.84882539138198
293,89.69262410327792
294,89.62464124709368
295,-85.47145154327154
296,92.74513589590788
297,-114.03583693504333
298,74.29455236846115
299,-108.0000068154186
300,-81.0121965467697
301,93.39679468423128
302,-81.74778366647661
303,-113.5937239676714
304,93.98268994316459
305,-77.2484020034608
306,-107.00296327704564
307,84.09830585750751
308,81.88285349833313
309,-98.17962424250436
310,-85.56641485542059
311,79.42825135036401
312,96.25944050401449
313,91.98493066430092
314,91.71824508160353
315,-96.80184356868267
316,73.84547767660115
317,87.81877233833075
318,-98.11245365012292
319,79.04800009806058
320,87.31571445125155
321,84.37564965942875
322,-75.66920313739683
323,79.34571194773889
324,83.70888896798715
325,-99.81565102376044
326,85.44421141361818
327,89.28513379022479
328,76.2422080457909
329,97.21223526448011
330,-75.98839117586613
331,99.90009307861328
332,76.60949760498625
333,79.49496538343374
334,-92.25953924655914
335,86.62755229522008
336,90.36613543098792
337,-100.40659279376268
338,81.93454214371741
339,82.40701697321492
340,78.10171631706908
341,94.81268521398306
342,-95.70382767170668
343,77.91778438247275
344,92.02578459121287
345,96.07390182465315
346,-96.02826333558187
347,79.38993967999704
348,80.56578064800124
349,95.20982133597136
350,-91.88438152044546
351,84.47304033057299
352,-75.48899278769386
353,90.31389926315751
354,-104.10159286856651
355,82.8562706373632
356,77.8034040269049
357,-103.4987117126584
358,84.8427046071738
359,77.48974467363587
360,-103.80919054616243
361,81.83204577979632
362,86.12079797274782
363,88.7612608927302
364,-99.62174727395177
365,94.37529840320349
366,90.15785282768775
367,86.33796481811441
368,-91.33160628844053
369,-79.15599577340618
370,73.86814706986297
371,-90.00510373455472
372,91.00675776973367
373,90.5883290078491
374,-75.94137128866714
375,-97.52884554062075
376,-76.51515496347565
377,80.01408396358602
378,-106.60711302608252
379,81.13748210517224
380,85.29193911128095
381,-107.414959827438
382,-78.47375879930769
383,-147.79405560911982
384,79.81796938244952
385,-75.78684819547925
386,93.44044669158757
387,-92.20898495594156
388,86.72900975815719
389,81.62924684616155
390,-90.23781183490064
391,82.13576919806655
392,85.34196720118052
393,-83.58294681063853
394,-116.74517247267067
395,-82.14688483570353
396,-88.06943353253882
397,-80.0453399734397
398,86.30795365173253
399,-84.78611321470817
400,83.13881957856938
401,78.77305475619505
402,90.14087925944477
403,-81.39124144159723
404,-76.55544935253602
405,89.70457716658711
406,81.91261956169183
407,-97.25235695391893
408,84.21771900656177
409,-82.41694967362491
410,81.75994163332507
411,80.37020886063692
412,83.21745834613102
413,-96.43966826505493
414,-79.58934097463498
415,81.2809961300809
416,-107.05385300144553
417,81.7044199842203
418,76.20749572879868
419,96.25983561016619
420,-94.08862845087424
421,-75.7383323564136
422,-95.45768103637238
423,-79.89623074652627
424,82.65974851005012
425,88.75718121451791
426,-117.22422911040485
427,85.5806958428584
428,-83.51619256837876
429,-100.89376766351052
430,88.86248560395916
431,-79.03648533270461
432,-94.39403444190975
433,-77.86404096754268
434,-84.26849018386565
435,93.51537159271538
436,92.11693935655057
437,-77.4932943460517
438,-81.71033581654774
439,-104.97981990873814
440,92.4868024433963
441,-79.7246852676617
442,-98.41276997316163
443,-77.26203381959931
444,-85.0222580326299
445,86.73323494787473
446,-76.60017861556264
447,89.04404436855111
448,-152.26170071866363
449,-80.14228238196665
450,-75.75301631714683
451,-102.8180612459546
452,90.16130913360394
453,-82.86443428159691
454,-100.80702355201356
455,83.42048217752017
456,82.65587885212153
457,83.39404337690212
458,-92.97502619028091
459,-79.89975802658591
460,-119.66059395112097
461,-79.49369542277418
462,98.691586188972
463,91.11930370144546
464,-161.64234486001078
465,87.89798093467834
466,-81.38219731894787
467,81.07671777583892
468,-88.90631555765867
469,86.90601211413741
470,88.7385214289825
471,-100.16613406781107
472,-78.25626979328217
473,-79.72545853706833
474,-97.42820360488258
475,-74.37926918994344
476,-89.5330537604168
477,93.77139691449702
478,-81.59670969564468
479,-80.76564400125062
480,-100.61972823925316
481,83.55675943054666
482,-76.06047712457803
483,-93.84421836584806
484,-82.45817055718362
485,83.51473853574134
486,-95.9875183776021
487,89.36709342664108
488,-79.06092015912873
489,-104.82613482698798
490,-80.3736445454415
491,-82.37291711359285
492,76.21274860948324
493,-83.12884473986924
494,-86.48971529118717
495,-83.65017199702561
496,-79.53193208173616
497,97.8300177976489
498,-84.19765854626894
499,-82.95021724514663
500,89.00552178090584
501,95.83192226104438
502,80.82787194912089
503,84.02752210013568
504,85.63629244989716
505,88.46552713226993
506,90.0742138568312
507,89.7455057936022
508,87.58657910628244
509,80.07983571843943
510,84.74828471650835
511,-106.04527472704649
512,-75.92585904964972
513,-87.68450457512517
514,-75.36272985758842
515,90.13862379419152
516,80.26525387022411
517,-89.01306482963264
518,88.52804484189255
519,91.61017541214824
520,88.06414316885639
521,96.33990200608969
522,88.99161496013403
523,-86.78183666802943
524,-84.3027854138054
525,-80.5814496637322
526,-84.76903726533055
527,-81.05386967098457
528,93.38895281404257
529,-94.86690554022789
530,75.81597864119976
531,97.11420927196741
532,80.86751178011764
533,-84.84398681670427
534,87.45960696460679
535,88.87669782512239
536,82.92440225143218
537,-97.16457397863269
538,-74.56872443374596
539,95.28570291027427
540,-104.15871806023642
541,84.57900900320965
542,84.7694309555227
543,-77.45232936875982
544,88.37252846133197
545,87.9225181392394
546,91.67979722830933
547,82.38638191853533
548,80.20539149455726
549,-86.13186004245654
550,87.4339556095656
551,85.00462859340041
552,-88.02759270416573
553,86.82475748402067
554,84.42866270791274
555,87.53613927448168
556,-82.7331317672506
557,74.53946805684245
558,83.11309159419034
559,-94.42285155274294
560,89.6819033724023
561,88.54655012080912
562,94.87183561688289
563,93.45505603216588
564,-97.36060620614444
565,-80.79330506874248
566,81.76910945218697
567,94.0996653091861
568,87.60367375984788
569,82.49575199685205
570,88.60403751023114
571,-75.16477950371336
572,-87.23908304236829
573,-74.83106094680261
574,-88.33484738101833
575,86.72427879786119
576,-81.94802613779757
577,-98.27205684181536
578,77.44527928607431
579,-74.6962216567481
580,-96.38813110894989
581,94.40369043499231
582,80.89982382045127
583,85.70878021791577
584,-99.33379237831105
585,81.90503638691735
586,86.99930485209916
587,79.29103494581068
588,-98.12387896515429
589,-76.03447373319068
590,85.31466636292134
591,-92.46066645160317
592,92.63785888440907
593,84.44746625353582
594,-106.50274354712747
595,84.45180147921201
596,82.22573082067538
597,81.52898609591648
598,-91.04304174357094
599,-76.03474435462704
600,97.25679283589125
601,91.02665809681639
602,-98.67983040763647
603,-83.14688805690821
604,-82.94529620511457
605,-96.06289121508598
606,86.72516000154428
607,86.77059656899655
608,-95.83073087409139
609,-76.04202041888493
610,82.77415686281165
611,-101.05483939871192
612,-78.50090756537975
613,79.03697375889169
614,-104.28151844069362
615,83.62716578724212
616,-73.7497337393288
617,-98.09804917126894
618,-79.7563998035912
619,-102.3499332710926
620,86.01723288861103
621,88.8737802952528
622,-76.39969598327298
623,-100.01177533622831
624,-77.21597016596934
625,-105.32539603980103
626,91.81741527840495
627,-73.2683582934842
628,-79.96195308293682
629,101.44834160804749
630,-80.89499732619151
631,-77.48309244596749
632,-144.41682981458143
633,-79.64397329173516
634,84.55800100334454
635,89.83840681239963
636,92.20803033488482
637,90.2072812790284
638,-93.69236382097006
639,95.71905682235956
640,88.12024948745966
641,85.50409369403496
642,99.9000015258789
643,-109.14707750806701
644,86.95796887855977
645,83.46818302499014
646,83.08337249860051
647,-106.00484935613349
648,-78.49345340780565
649,-90.98480439407285
650,-80.49611374363303
651,95.91136071830988
652,-77.87055147919455
653,-93.18673947339266
654,-81.03997721814085
655,-90.75119948165957
656,-79.45679133979138
657,83.40306008333573
658,-101.7849434921518
659,-77.13794483165839
660,-76.2140048998408
661,-86.59755783341825
662,87.88914106413722
663,-79.57762902302784
664,-102.36279316493892
665,-79.46499936061446
666,91.04660443216562
667,91.73900566017255
668,-98.42451612596051
669,-81.73897024290636
670,81.4021681342274
671,-102.45683941978496
672,-76.02781900801347
673,-77.81954896991374
674,-95.8157154545188
675,-82.5009798752144
676,-89.55702302895952
677,-77.14862262667157
678,-75.00479681417346
679,-102.53158678114414
680,81.55551558372099
681,-79.28695481474278
682,-85.81595614831895
683,97.598554097116
684,87.6406236521434
685,91.44183840230107
686,91.9964080429636
687,91.53639153763652
688,-107.43179356429027
689,90.25075890740845
690,78.8660184868786
691,-88.62613091704407
692,91.64964060299098
693,79.29364969808375
694,80.29773400345584
695,84.04547802358866
696,104.11598870903254
697,77.19605086726915
698,-75.76610786831588
699,-93.61715668532997
700,86.63146821790724
701,81.64657871608506
702,-89.39748636757759
703,-76.8614989484413
704,83.46899887430482
705,-106.14878647355363
706,-78.86338607757352
707,81.3612727000509
708,-88.32306859898381
709,77.10920684598386
710,-80.64022799348459
711,-100.46766745499917
712,81.12714553278056
713,81.44629156647716
714,-103.83416479616426
715,84.30951511394233
716,83.83427468533046
717,87.16058957250789
718,-92.68083633578499
719,84.90793045724274
720,88.46710528479889
721,85.75147170678247
722,80.88044697718578
723,-88.81160400807858
724,74.52257352042943
725,-102.37006561644375
726,-76.57639513342292
727,72.77096844689368
728,-93.87878077896312
729,85.71790917776525
730,-75.98911032297474
731,-78.91829951794352
732,-74.00742206003633
733,-94.29866149125155
734,-77.05964934185613
735,81.08535351697356
736,-96.53315747078159
737,97.06044683605433
738,81.32790566392941
739,-75.33883915845945
740,86.39311689604074
741,-85.29748446345911
742,-76.38908298956812
743,-145.72160478823207
744,78.25395217095502
745,76.66060164524242
746,87.93606032439857
747,86.00553931398463
748,-91.96483098622411
749,93.62812899798155
750,79.6333495376166
751,-106.18579094336019
752,86.42986952152569
753,-75.9151478621643
754,89.15490193851292
755,-104.8733706092753
756,85.38524408929516
757,92.36732269078493
758,-78.00280156187364
759,-106.62570499666617
760,-76.82014810235705
761,-94.19053155854635
762,-78.44465197238605
763,90.25113265853724
764,81.20964562520385
765,-120.41519660502672
766,86.34531778572136
767,75.30866833543405
768,84.96162375668064
769,88.80186108127236
770,-90.96088965795934
771,-75.03652960454929
772,88.09749921329785
773,-90.08837087801658
774,-77.82623564841197
775,83.92834582971409
776,-106.6775049334392
777,93.0178242418915
778,-74.01041321959929
779,86.80631196181639
780,-101.34343052550685
781,-79.30103173412499
782,88.17414025682956
783,-98.49321430665441
784,92.30873623955995
785,-74.86192375383689
786,83.6402047826632
787,-91.65642032772303
788,82.5188946650087
789,71.83093969291076
790,93.7949303984642
791,77.92753036680188
792,89.55329224234447
793,79.92255071125692
794,-100.76066841371357
795,79.91650127980392
796,81.91043551045004
797,-102.0803598689381
798,-80.06875201547518
799,-86.90488806393114
800,-80.97529289103113
801,74.37992058007512
802,-94.80104804760776
803,-77.70074118161574
804,-74.28657299451879
805,103.03531190380454
806,84.17220456185169
807,95.10099087655544
808,87.25440150080249
809,-75.92601259239018
810,94.29439248889685
811,-75.09666455443949
812,-72.17845325031521
813,96.56790065020323
814,-87.97151178045897
815,-72.8968513768209
816,94.88161893934011
817,85.80212113284506
818,92.5600897455588
819,-91.26231843073037
820,-72.45159751130268
821,85.70701075938996
822,-96.17277353087411
823,85.86017303878907
824,80.4187142472656
825,90.57213138381485
826,-100.21154500392731
827,84.94012683833716
828,79.88158218484023
829,90.93349211849272
830,-85.47403215616941
831,93.56537407590076
832,90.26145121455193
833,79.1172787003743
834,-78.09671864332631
835,86.24420943134464
836,88.47838711831719
837,86.2565291156061
838,-83.45204361528158
839,83.51058754729456
840,86.0763159605849
841,-86.65253512947675
842,83.26166162125446
843,81.32140748933307
844,-82.18860866461182
845,82.41351252326422
846,95.48571784049273
847,83.69978659236767
848,87.52273991619586
849,-85.63125021010637
850,96.58288883417845
851,93.36321042338386
852,-71.53208331193309
853,-87.37356140536758
854,89.95663696713746
855,80.5667299835186
856,-92.38690699432664
857,83.66802482258208
858,81.89334377017803
859,96.64370040036738
860,92.96932779997587
861,-108.71200341757503
862,83.51877990514186
863,85.09838947607204
864,82.01377425165265
865,-96.37766309641302
866,83.4129538165871
867,85.12856421768083
868,94.73653097450733
869,-87.37507208797615
870,80.39952116901986
871,91.9020574092865
872,94.27295360155404
873,89.11891656861553
874,81.05116417608224
875,93.82843040674925
876,85.17817867913982
877,82.11220473072171
878,-78.57656376808882
879,79.04522543132771
880,85.34792464268685
881,-100.41764038056135
882,87.29059751445311
883,90.49180838279426
884,82.90396632216289
885,86.91760570307088
886,86.43816638318822
887,-170.90752274045371
888,83.72440437434125
889,85.73330512430402
890,92.61086298990995
891,79.2388517545478
892,-93.45698450680356
893,86.68946034737746
894,90.55850752443075
895,86.23034678419936
896,-90.7693039769074
897,93.81641568057239
898,94.55382662266493
899,78.52980332385778
900,93.09128420997877
901,90.25294736213982
902,-148.2400417632889
903,94.74463020311669
904,86.57295033195987
905,-77.49563157898228
906,96.44070676120464
907,-83.53405787050724
908,-83.57631469378248
909,-86.8535404857248
910,-84.22575261257589
911,-83.14845584565774
912,-96.7033502086997
913,84.03766406397335
914,80.08926988055464
915,-83.79643509269226
916,82.0238790005751
917,87.17120873741806
918,-89.88982240730547
919,-74.40921550816711
920,83.59204557150952
921,91.4121067035012
922,-86.6198922172639
923,90.76064870983828
924,80.69010681709187
925,93.2150739505887
926,-88.93359359861643
927,-73.08503632898828
928,87.62811286142096
929,-92.57746023865184
930,80.11971892270958
931,81.48166774164383
932,81.491075830927
933,-97.6297698635608
934,82.80583191238111
935,79.08469761407468
936,88.62921681406442
937,-92.022730268538
938,78.57504014947335
939,85.76840638741851
940,88.4213494193973
941,-97.7568853199482
942,81.99575942263436
943,-82.95368016071734
944,75.54873825921823
945,79.19681355590001
946,-96.31776224100031
947,74.3205060614273
948,-73.29204494520673
949,-90.51616762019694
950,84.78665259794798
951,77.94145172962453
952,-88.53968431288376
953,-74.462395731789
954,-99.80545888718916
955,83.3794724839754
956,-75.41530234063248
957,-95.44610273084254
958,-74.09881957645848
959,-78.4475010674214
960,-89.66223505116068
961,86.24009091538755
962,81.28288872470148
963,90.9709982778877
964,87.07133905729279
965,95.01691967248917
966,-90.44263831526041
967,75.72859485758818
968,90.17616087663919
969,-92.83038913249038
970,-76.04236612675595
971,-94.53976507589687
972,88.75389862267184
973,82.99581738603592
974,-74.82311448958353
975,-165.59275287359924
976,-82.57112395972945
977,-77.64299165218836
978,-96.02953112870455
979,83.10930893546902
980,93.13864882430062
981,-138.61821081256494
982,-78.47447715097223
983,-74.17750678318589
984,94.48918199911714
985,-140.5938601871021
986,87.26448529274785
987,-78.45407906339824
988,-101.77319738446386
989,-78.68715537444223
990,90.36115763289854
991,-94.19974929183809
992,93.01284745289013
993,86.00823137298721
994,-80.1755554061383
995,-94.94223506737035
996,78.2214808659337
997,92.37965232506394
998,88.10743102431297
999,91.73242374509573
1000,98.47831280829269
1001,-83.21479225950316
1002,-82.37059021787718
1003,87.15713498741388
1004,-103.96547534875572
1005,93.75213264347985
1006,-74.20686134297284
1007,-93.5001954616746
1008,86.41431805025786
1009,-75.41441304809996
1010,-141.6637093842728
1011,-78.8475595972559
1012,-80.85014982407301
1013,-142.214824071154
1014,89.3870508261025
1015,-80.03320926304878
1016,-92.67018290041051
1017,-78.55090037678019
1018,84.81865381088573
1019,-102.7947117544245
1020,91.52978897967841
1021,85.92002156405943
1022,-80.7392479539485
1023,86.61398269841447
1024,94.87101976014674
1025,-147.79604183882475
1026,78.07881386098597
1027,-91.74119103059638
1028,86.85481120517943
1029,-77.36902844442375
1030,-107.97634485780145
1031,84.76400891505182
1032,86.34129983803723
1033,86.95640647201799
1034,-80.47287125117145
1035,-93.00468795234337
1036,91.79463268315885
1037,93.46414870023727
1038,86.60143624991179
1039,-145.76744025413063
1040,91.96449056034908
1041,-80.79293627338484
1042,89.49142457230482
1043,-102.68768213968724
1044,-76.29239116951794
1045,-78.1774471992685
1046,-92.27259616079391
1047,87.17688596376684
1048,-78.40248838206753
1049,-83.79474882769864
1050,83.95845344752888
1051,86.12795926628314
1052,-88.89501963145449
1053,89.30819622878334
1054,90.65137452317867
1055,85.29732273635454
1056,-82.66010268032551
1057,-90.00737973861396
1058,83.25229665657389
1059,94.78377824276686
1060,88.1302235542098
1061,-90.32627817385946
1062,-77.48630797857186
1063,87.9719523768872
1064,86.95982995361555
1065,-91.29363585822284
1066,87.92510979168583
1067,90.8838757412741
1068,83.58390504733507
1069,-100.7057741265744
1070,84.09718519530725
1071,91.82563219312578
1072,-86.40410839166725
1073,77.33271981833968
1074,-76.2565418476297
1075,-102.68650619921391
1076,82.23466395049036
1077,85.79200915068213
1078,-90.90675574546185
1079,-76.05790577260814
1080,-71.96179015096277
1081,-112.59970235265791
1082,-76.9902967052476
1083,91.78768143535126
1084,-89.38348373089684
1085,75.67674792552134
1086,-79.33244003728032
1087,-101.76890347711742
1088,78.40625937550794
1089,-93.87767714415531
1090,82.20889515296403
1091,82.39560756716673
1092,77.70760748619796
1093,-88.76055982522666
1094,80.93137106765062
1095,86.8785656633554
1096,86.04430555552244
1097,-107.21280619502068
1098,91.51897778463899
1099,91.91285673034145
1100,85.20948953772859
1101,-88.80613898282172
1102,-75.52471766076633
1103,-76.9121781286376
1104,-88.45507989311591
1105,85.29151468293276
1106,-76.44931323407218
1107,-100.85562206804752
1108,92.84635197883472
1109,87.37492926244158
1110,88.72004084673245
1111,91.58941402472556
1112,-154.18786071741488
1113,-74.66938856767956
1114,79.55480170226656
1115,117.36482884734869
1116,90.12518586218357
1117,85.71243207329098
1118,82.62506517960719
1119,83.73294851739774
1120,-100.29275741509628
1121,95.24699813872576
1122,93.0117210126482
1123,81.8802901286981
1124,91.43402532546315
1125,-104.9084536555747
1126,83.51726828794926
1127,-75.55957084960392
1128,-93.94684917735867
1129,-74.23273927595437
1130,81.40505437424872
1131,-96.3550294911256
1132,81.2855272607776
1133,77.70724724174943
1134,-105.46530309692025
1135,-75.80169495100017
1136,84.83969739521854
1137,-94.6608296316117
1138,89.90449621679727
1139,84.18523171695415
1140,91.57284727180377
1141,-107.98333902776358
1142,-75.87670693316613
1143,90.35835093446076
1144,-111.39426867978182
1145,84.81138676416595
1146,81.6223901809426
1147,88.78353725152556
1148,86.6837865114212
1149,-80.48661812394857
1150,86.88931266181316
1151,-78.2020000269913
1152,-90.47447773069143
1153,82.47908256028313
1154,-92.0993659129017
1155,91.35728319792543
1156,-77.3506566420474
1157,92.43206125637516
1158,88.29602678306401
1159,-95.59977578185499
1160,78.85786652041133
1161,88.90205417585094
1162,-94.4305621717649
1163,96.67042345553637
1164,85.1332054543891
1165,82.62897868730943
1166,85.88428906945046
1167,-111.12028754549101
1168,82.1873665689036
1169,-72.40836598861961
1170,97.84639250487089
1171,-87.42378332326189
1172,85.73319158724189
1173,80.0101331435144
1174,106.95889051221457
1175,89.96425539534539
1176,88.43668370798696
1177,86.39180417917669
1178,86.80099147488363
1179,-83.50080351117504
1180,76.20693518343614
1181,-74.24650677644968
1182,-90.71744510123972
1183,-76.28987893092562
1184,70.53322040685453
1185,-118.82359101623297
1186,-80.78392261476256
1187,75.73137441836298
1188,-86.36364583671093
1189,68.69984304951504
1190,-92.25725949639309
1191,85.31214984692633
1192,-81.47741982410662
1193,-85.64219480752945
1194,-80.0443412543973
1195,74.35827233653981
1196,81.04828932508826
1197,-79.9622401476372
1198,-78.75554743851535
1199,84.68645952269435
1200,108.01421926170588
1201,92.36347506195307
1202,-81.37702724267729
1203,-80.42932885990012
1204,-91.61566995643079
1205,-80.86162754369434
1206,74.81628312636167
1207,-136.31248583644629
1208,76.18742310407106
1209,-79.51083698725415
1210,-75.49491111934185
1211,68.81409281876404
1212,-77.556699834764
1213,75.23453800007701
1214,-81.35740183189046
1215,99.63220028579235
1216,-80.7653872417286
1217,-80.46114964422304
1218,89.27312480378896
1219,88.22992005944252
1220,-81.5664794165641
1221,-81.28740261122584
1222,-79.0359076242894
1223,76.24468385707587
1224,-80.9431090108119
1225,-87.66226407885551
1226,76.6705652885139
1227,73.22693339176476
1228,-105.99880814552307
1229,75.44994544005021
1230,83.73448840586934
1231,72.43327032050001
1232,-81.51894233003259
1233,88.24922805465758
1234,-80.99880356018548
1235,-81.67832037450853
1236,-86.01226984709501
1237,90.70616864413023
1238,-82.22919605951756
1239,-76.91282288148068
1240,-80.02542941761203
1241,75.95388839731459
1242,79.23073628696147
1243,-101.04086550325155
1244,-82.01843475399073
1245,-85.67685439856723
1246,77.86377588193864
1247,-78.78549350809772
1248,93.34702608874068
1249,80.98968153912574
1250,95.56325285881758
1251,-80.95121403958183
1252,-79.37125318264589
1253,77.55273179523647
1254,-79.27171698154416
1255,-88.90127706236672
1256,86.14993873052299
1257,-80.9948305714006
1258,78.04907443374395
1259,-85.21310204267502
1260,-80.89285751001444
1261,-89.6010309047997
1262,69.8569839890115
1263,-79.67201607002062
1264,-88.69838795997202
1265,-81.19150873681065
1266,91.23160452581942
1267,81.42593848332763
1268,99.9000015258789
1269,-81.12784634530544
1270,77.07527088513598
1271,-81.75730845564976
1272,-84.98955880850554
1273,80.35754794441164
1274,-93.72509637288749
1275,80.85246281512082
1276,97.17476659268141
1277,-81.0903439084068
1278,-89.50769322749693
1279,-81.56583784279064
1280,81.11810738884378
1281,99.90007019042969
1282,-92.369307174813
1283,71.67521914560348
1284,79.90865310980007
1285,-85.69053529854864
1286,-81.08833429135848
1287,-80.67721623936086
1288,-79.9101571124047
1289,-80.10877483931836
1290,-77.75746525754221
1291,-73.46804063022137
1292,-80.12845389940776
1293,-88.19634136371315
1294,72.8131126904118
1295,73.8724032905593
1296,-101.59051871905103
1297,86.04264455009252
1298,77.9819672498852
1299,-90.2385233361274
1300,-80.23737805036944
1301,-82.18710445798934
1302,88.2539427075535
1303,-80.11566298233811
1304,-80.02792803978082
1305,87.2030666116625
1306,-87.15834724158049
1307,-82.94309021020308
1308,77.88770686334465
1309,-96.86852170526981
1310,72.69121991247084
1311,-84.59895224589854
1312,-81.17634840961546
1313,75.70981270261109
1314,-89.15487425483298
1315,-81.88386700802948
1316,80.95755239864229
1317,-91.7170968465507
1318,89.4496806729585
1319,-81.70918723195791
1320,-92.95225266972557
1321,70.09087310091127
1322,82.00745303556323
1323,-93.80649176693987
1324,-82.48971509886906
1325,94.93506943434477
1326,78.01055603660643
1327,95.3435731404461
1328,-81.86482665096992
1329,-80.42551415693015
1330,-90.76024220325053
1331,78.84783178754151
1332,-80.52628249616828
1333,-77.74558681063354
1334,-80.51002044696361
1335,-75.95271002920344
1336,-81.19630143293762
1337,-80.74593206392456
1338,-84.82409244216979
1339,71.32692826504353
1340,70.01012106519192
1341,-96.98693591356277
1342,88.46974711306393
1343,92.0075277928263
1344,75.28537039272487
1345,-73.72258147783577
1346,88.66982297971845
1347,78.92443796992302
1348,-80.90417239163071
1349,108.84158254414797
1350,-80.7824482396245
1351,-80.25813120498788
1352,-80.90940431028139
1353,-81.88954254600685
1354,-81.22564217462786
1355,-85.05893406271935
1356,77.3828630305361
1357,-87.34717398602515
1358,88.27058758214116
1359,73.82720445655286
1360,-79.67712536285399
1361,-86.10720381140709
1362,74.77397165831644
1363,-79.69882360452903
1364,-83.05202880501747
1365,-80.23914926571888
1366,-103.9499486447312
1367,-80.46981305337977
1368,-80.7264020005241
1369,-77.07665650546551
1370,-79.64892905583292
1371,-85.1782455513021
1372,77.48469051672146
1373,-81.05562944943085
1374,91.88352075964212
1375,-83.45004026405513
1376,81.60908714868128
1377,-79.10953799323761
1378,-85.99621997773647
1379,86.18037582188845
1380,-80.09415979281766
1381,-91.76266136020422
1382,-81.21060129470425
1383,-81.25061770822504
1384,-75.75015704333782
1385,81.529838105198
1386,93.06961720436811
1387,-106.07418346242048
1388,75.01073287523468
1389,89.69893563631922
1390,-73.94107515612268
1391,-105.78117945790291
1392,75.51321354368702
1393,93.0560526130721
1394,-90.13487672561314
1395,84.76675922382856
1396,89.97715099243942
1397,84.53604246277973
1398,-94.55461835898313
1399,89.1587390609493
1400,79.06315675823134
1401,-93.63215786404908
1402,94.27429485693574
1403,84.87580780959979
1404,89.98410269638407
1405,-96.41334358442691
1406,79.80140208203375
1407,87.49162343761418
1408,-73.78941543179099
1409,99.9000015258789
1410,-102.11474568396807
1411,90.26298244073405
1412,85.42753814859316
1413,-108.55045249988325
1414,77.97284912189934
1415,83.26062569695205
1416,91.92164893588051
1417,-97.52614132431336
1418,77.41852731152903
1419,97.37442450970411
1420,85.7956467581389
1421,-99.99574234502506
1422,72.99028560575243
1423,91.57943345000967
1424,86.65995847687736
1425,-80.20885187387466
1426,87.094837970566
1427,85.82368035300169
1428,85.01259546456822
1429,-146.10058904858306
1430,-76.4896072125357
1431,76.24424666877167
1432,-96.09991414472461
1433,74.68096349734697
1434,84.9136560783154
1435,-91.80860244296491
1436,78.63638017670019
1437,92.5634204626549
1438,-90.27719116598018
1439,84.05676606216002
1440,-72.68948465085123
1441,-96.16290055279387
1442,91.97352138813585
1443,-74.22756107305759
1444,86.02679888202692
1445,106.74932410661131
1446,86.43180057685822
1447,89.18419182114303
1448,87.67722228737694
1449,90.94731502514333
1450,87.20929549145512
1451,-92.6112857463304
1452,93.09285753470613
1453,87.08573559462093
1454,78.16454856831115
1455,-104.03982105565956
1456,80.06776430688342
1457,-74.24801641341037
1458,-97.95597607761738
1459,83.13332220720622
1460,86.64842060088995
1461,92.76006395425065
1462,-86.5620409011608
1463,-75.09080657502045
1464,-94.10238461548033
1465,85.96535750920884
1466,75.44756643136498
1467,89.75809676176868
1468,-80.46209021823597
1469,92.46972428727895
1470,90.65449341014028
1471,85.80250908629387
1472,86.31039826187771
1473,94.64740177243948
1474,88.1891678806569
1475,-87.22714303480461
1476,96.00097583187744
1477,-73.95883163486724
1478,99.9000015258789
1479,-102.0699316773098
1480,77.1978393405152
1481,-80.1096701020142
1482,-81.50498048961163
1483,-79.71985523065086
1484,-90.77600091358181
1485,72.67185735842213
1486,78.04246774222702
1487,-89.96974326605414
1488,83.64468045765534
1489,-80.47342557134107
1490,-91.23891287695733
1491,89.7946310788393
1492,-80.18747824511956
1493,-81.08866592799313
1494,-83.10561244189739
1495,74.22289228704176
1496,92.2701316960156
1497,-85.7919989664806
1498,-77.7405461135495
1499,-77.30303276883205
1500,-93.36693342775106
1501,-78.94680632272502
1502,-99.40599773989379
1503,85.0730782012397
1504,78.46705734811258
1505,97.18073478341103
1506,-97.37804969470017
1507,81.81931199738756
1508,89.11936365952715
1509,96.13519009202719
1510,-97.91664546821266
1511,75.41006531915627
1512,-84.80016378965229
1513,92.0639605615288
1514,-106.48219291239366
1515,-74.66409093312541
1516,88.21832604415249
1517,101.0407588055823
1518,-75.20440921661066
1519,-77.67202747557894
1520,92.54434759169817
1521,-108.53140073362738
1522,76.7894248777011
1523,97.79432217031717
1524,85.2247714351397
1525,-86.57774420036003
1526,98.07409579306841
1527,87.65639061131515
1528,81.23610529559664
1529,-84.93160468863789
1530,-78.54832996281948
1531,81.76212948427383
1532,-131.2864178455202
1533,-75.88478692702483
1534,95.37950712628663
1535,-80.77563733028364
1536,-111.25486698420718
1537,92.18650099961087
1538,87.21448676614091
1539,84.65960190654732
1540,-143.9389864744153
1541,-77.07960066545638
1542,-79.2721482681809
1543,-97.81210391013883
1544,-80.55013124937977
1545,90.2269751431595
1546,-141.0212605867364
1547,-85.21631610952318
1548,-81.50338606783771
1549,-104.2479783919407
1550,79.20443958370015
1551,-81.64157166320365
1552,-99.34209132008255
1553,-94.78402357362211
1554,90.68025244027376
1555,-96.51418450800702
1556,83.616942122615
1557,-83.09412283310667
1558,-101.84337070200127
1559,88.58155590712704
1560,89.16866293130443
1561,-82.34133764961734
1562,-81.65368894860148
1563,89.3057471452048
1564,-76.95529995965626
1565,-95.93013126763981
1566,-81.66027089560521
1567,94.43032379075885
1568,-94.42188077096944
1569,-78.08478509800625
1570,84.68243314931169
1571,89.4390220864152
1572,-113.59299512056168
1573,-78.95027175233554
1574,-98.67184042804874
1575,86.66946223931882
1576,80.48890643200139
1577,75.27751268912107
1578,-139.85226557741407
1579,91.26954626198858
1580,-76.17275722752674
1581,-89.51018646918237
1582,-93.82698443206027
1583,-79.08664003375452
1584,91.82217027200386
1585,-104.1690022344701
1586,92.10781418532133
1587,-82.55021950861556
1588,92.5406259726733
1589,-129.94685724254668
1590,90.23698467039503
1591,81.64281742674211
1592,-76.83984815412987
1593,-104.67989121158462
1594,84.16284571634606
1595,-78.84470977919409
1596,-88.34531741033425
1597,96.80371465533972
1598,-78.2417632562574
1599,-94.52386875243974
1600,87.4561041223933
1601,77.3910116649422
1602,-76.12913378753001
1603,-108.05485513433814
1604,80.13118566395133
1605,-142.17828326598828
1606,88.06018078955822
1607,-74.57778863757267
1608,82.3381369652925
1609,-108.80223637493327
1610,88.67085814589518
1611,97.05043764412403
1612,79.62681521323975
1613,90.39894302978064
1614,-78.04228408797644
1615,80.67645474799792
1616,84.81073343838216
1617,89.17913828522433
1618,90.59253500727937
1619,-98.94478112459183
1620,-78.27781666920055
1621,-134.49654001677118
1622,-80.2872001582873
1623,76.08009322045837
1624,91.55500045279041
1625,-90.90678662061691
1626,-79.7152656836115
1627,-98.19761457038112
1628,-77.1430801127135
1629,-77.42950212550204
1630,-106.36405540292617
1631,80.39488483206515
1632,-79.4849311587459
1633,95.55144736915827
1634,-75.95373409986496
1635,79.37238826905377
1636,-89.61155593225703
1637,-84.20972789637744
1638,81.17684261885734
1639,82.88592115484062
1640,-100.81009620241821
1641,80.46426143326244
1642,-87.16930179100018
1643,79.29787549932371
1644,-76.23630890881213
1645,-108.99643135245424
1646,-79.2350648964275
1647,-72.83083587492001
1648,-96.8589489272781
1649,86.3643913329579
1650,77.92256253900268
1651,91.24489441420883
1652,-85.41382852988318
1653,87.48431444654125
1654,-76.7436221826647
1655,-101.14769701845944
1656,84.73534739017487
1657,78.26700627489481
1658,83.52635550207924
1659,111.34483010321856
1660,85.86257827885129
1661,79.25241997867124
1662,-80.25239756278461
1663,-98.49832725524902
1664,85.18765970499953
1665,82.97045248560607
1666,-88.3841026686132
1667,87.31187806697562
1668,-80.17542615569982
1669,89.37065306119621
1670,-94.0144636844343
1671,85.5201577822445
1672,92.7536228839308
1673,-84.21745156531688
1674,-97.48586596548557
1675,-73.84382038205513
1676,-149.78206838888036
1677,86.6131368210772
1678,-80.03603881481104
1679,79.04477770274389
1680,-101.97614282582072
1681,-77.17579802873661
1682,-152.86502545527765
1683,92.7196792755276
1684,82.96457285666838
1685,-73.16838626927347
1686,91.55645919521339
1687,-126.45772484538611
1688,-79.12497178418562
1689,85.89708375243936
1690,88.79438253387343
1691,89.17811977033853
1692,-107.88628502190113
1693,-74.38409453866188
1694,-80.48463650143822
1695,89.35529372769088
1696,81.03399947225262
1697,-75.59612784574892
1698,-90.37995157390833
1699,78.11636832286604
1700,84.68760056406609
1701,-101.09823318841518
1702,74.54554827730317
1703,86.32545771077275
1704,-93.52089979872108
1705,90.7370984328445
1706,75.49944799704826
1707,-100.8381873355479
1708,98.30199291557074
1709,86.41513107158244
1710,-76.34486182790715
1711,89.765663117636
1712,-104.23052191082388
1713,-76.94135675742291
1714,83.82997290813364
1715,-103.26383876847103
1716,83.57178984768689
1717,84.05663274839753
1718,-117.96440246945713
1719,-76.63333738863003
1720,87.47742351144552
1721,-84.05453040768043
1722,95.94802659004927
1723,-78.20305479422677
1724,75.88979104798636
1725,-107.86258868908044
1726,85.20888904528692
1727,85.13505509495735
1728,93.14024541899562
1729,93.64378241403028
1730,-96.2761916834861
1731,79.6147482001179
1732,-82.95520687336102
1733,-95.49664630740881
1734,83.46664394517575
1735,-81.4853197740158
1736,-114.56704970449209
1737,-77.22219955504988
1738,84.33778413839173
1739,82.33575115617714
1740,-94.62152879498899
1741,90.12822515703738
1742,-77.00050292087826
1743,-105.78834440407809
1744,79.50727300508879
1745,78.67170978523791
1746,-111.58684129142785
1747,-75.07005675318942
1748,-75.87479339138372
1749,-91.5590602979064
1750,83.9676491083228
1751,-76.8151212859666
1752,-99.36159175820649
1753,-77.65595519667295
1754,89.70022651553154
1755,-100.87253006166429
1756,94.31855168379843
1757,-79.39942706888542
1758,85.11461462764419
1759,-96.94375132769346
1760,-76.4219609197462
1761,-109.23289740308974
1762,-77.24104128580075
1763,70.43453079788014
1764,-84.97053366387263
1765,-80.89811367809307
1766,-102.55949137173593
1767,73.23478858266026
1768,-80.46440501013421
1769,-104.67782497033477
1770,-78.82194724588771
1771,-74.7790463650017
1772,112.22031710296869
1773,-76.77288186136138
1774,-77.85351336124586
1775,85.3528409730643
1776,-108.79458278417587
1777,83.42907739419024
1778,87.24728872394189
1779,86.14924826472998
1780,-91.48117197246756
1781,-77.79546203208156
1782,85.45857911225175
1783,-101.2816388066858
1784,80.79237606871902
1785,-75.95384894908057
1786,-84.75644938647747
1787,78.13483414950315
1788,80.0384935533857
1789,-105.83398952195421
1790,82.63100472483893
1791,-82.2741712963907
1792,-109.58792670816183
1793,74.48108416798641
1794,-76.48742184447474
1795,-99.00323529928573
1796,92.1538656753255
1797,90.60039247130044
1798,90.2284064122432
1799,82.79849639031454
1800,-110.29652452818118
1801,83.45366073702462
1802,92.10549145715777
1803,79.79162671391396
1804,-97.3720388127258
1805,-76.23693238599662
1806,82.92803882970475
1807,-93.29730985313654
1808,89.15468083973974
1809,81.5487959778402
1810,-116.47524939512368
1811,84.39590504826629
1812,94.85247608274221
1813,91.93141045793891
1814,90.71707528084517
1815,80.85209858923918
1816,-92.07812700793147
1817,87.39642232295591
1818,88.1487488184066
1819,94.51609664410353
1820,92.96036642065883
1821,-101.32172317616642
1822,81.99551854468882
1823,73.09140571532771
1824,-106.65685759417283
1825,-78.30833948173677
1826,87.172297225894
1827,-136.353049128571
1828,86.91892324492801
1829,86.54514047270641
1830,-83.35621487934259
1831,95.19016710668802
1832,85.23085175301094
1833,-92.04123698920012
1834,-78.64173069491517
1835,-99.62887253196095
1836,86.4424679003132
1837,-74.32941611579736
1838,-98.18487769993953
1839,-79.5707191687834
1840,91.67537198413629
1841,-83.21368097350933
1842,-76.24793778569438
1843,-76.12584694620455
1844,-143.51830778259318
1845,82.67718591818084
1846,-86.12268087686971
1847,90.89040146546904
1848,-117.50905982824042
1849,90.02695239042077
1850,-84.29125445103273
1851,-103.61176737339702
1852,-81.3480307845166
1853,-80.89942687028088
1854,-104.4799667391926
1855,-80.14076369375107
1856,81.97000955115618
1857,-102.52324094623327
1858,84.84649065101985
1859,80.83671953645535
1860,92.11237717606127
1861,-109.04616232216358
1862,-80.6873640405538
1863,-90.23563974598073
1864,-79.57570186015073
1865,-82.5770214580698
1866,-107.70819517970085
1867,-79.37113443913404
1868,-106.9562083928613
1869,-81.54405972201494
1870,-83.05968768754974
1871,-95.94878607615829
1872,-88.4292594473809
1873,-102.67488255025819
1874,91.51208920963109
1875,89.45552455075085
1876,91.80616445280612
1877,-82.36875930835959
1878,-109.48998886998743
1879,89.7948270040797
1880,-76.62288391581387
1881,-143.8406043961004
1882,81.5779317165725
1883,87.04566914338648
1884,88.87442910042591
1885,-85.80088021978736
1886,-106.37469556927681
1887,77.74581292326911
1888,-138.4267736809561
1889,-89.94253552041482
1890,-77.12968933125376
1891,-137.39022569337976
1892,-78.67523995146621
1893,-75.5657638059929
1894,-139.69989526015706
1895,-75.66490541636449
1896,93.03854487463832
1897,-75.05069621946313
1898,-120.02991547808051
1899,91.51489539211616
1900,-83.57392294087913
1901,-139.66222876045504
1902,-77.62623416705173
1903,88.95593872838072
1904,-81.08552952314494
1905,-94.47204346954823
1906,87.44851424684748
1907,93.8953487817198
1908,85.79316960542928
1909,-95.05687880527694
1910,87.58466456015594
1911,-79.5955111043586
1912,96.1091135814786
1913,-128.76614405785222
1914,99.9000015258789
1915,-83.58474922121968
1916,91.95117359608412
1917,83.95116917143605
1918,88.25998323513159
1919,-102.94387450069189
1920,82.9567657794687
1921,89.85660351673141
1922,-97.7348572810879
1923,-81.93045205695671
1924,89.18817796054645
1925,93.41074455715716
1926,-101.32490463467548
1927,-77.833120716532
1928,95.80229313671589
1929,-75.32910354694468
1930,-102.05550514906645
1931,-80.47970775025897
1932,-136.5703998359677
1933,93.0872866883874
1934,88.56357699073851
1935,-73.20703298843
1936,87.94194521403551
1937,-103.87734357174486
1938,-80.01775759307202
1939,-79.18991780828219
1940,-81.90159485908225
1941,-83.13375564850867
1942,-150.24728691892233
1943,77.93741032203252
1944,-82.34448924742173
1945,-91.72796886102878
1946,86.70243177749217
1947,-76.85867415613029
1948,-151.85928570327815
1949,-85.1065769684501
1950,-75.5026110529434
1951,-104.47862604659167
1952,89.89193213099497
1953,91.06716469815001
1954,-74.25642259939923
1955,-113.92834534769099
1956,90.70582178756013
1957,88.22873535446706
1958,-81.02394027868286
1959,-104.8901352416724
1960,94.65792799845804
1961,77.29933105886448
1962,-105.19212191551924
1963,90.54270604997873
1964,91.12761125713587
1965,69.04946459643543
1966,75.44818358775228
1967,-96.25147564709187
1968,-84.6135635599494
1969,-104.73340038210154
1970,66.39531530812383
1971,68.27377298660576
1972,-85.17840997129679
1973,-84.09742690995336
1974,-80.74409031914547
1975,-84.94276549480855
1976,-85.12928988412023
1977,-93.47624230384827
1978,69.08394508063793
1979,-83.32758904143702
1980,-80.820510789752
1981,83.56145875155926
1982,-84.68844129517674
1983,-92.88604719936848
1984,-84.0468335300684
1985,83.53874242305756
1986,-88.77840128540993
1987,73.83155440897099
1988,-96.22385888933059
1989,-82.02370538143441
1990,90.27951949182898
1991,87.99667919997592
1992,-79.43718624688336
1993,81.54958519304637
1994,88.33687890321016
1995,-83.97460669465363
1996,-102.47759934142232
1997,89.12791991894483
1998,75.53244999793242
1999,-101.89426243389607
2000,-74.19615566628636
2001,-106.03142446262063
2002,81.97717950935476
2003,91.19810813851655
2004,75.93111360323383
2005,-149.67093690286856
2006,93.08860323578119
2007,92.79723159968853
2008,83.10240360163152
2009,78.95490990602411
2010,88.65351653306425
2011,-112.47961103916168
2012,-81.0973133262014
2013,-98.57789339672308
2014,85.64722610957688
2015,85.52452553224248
2016,80.99247773428215
2017,-93.9353544274345
2018,82.75187011936214
2019,83.36022315535229
2020,87.12261265015695
2021,-111.57271055877209
2022,86.84451964483742
2023,85.84754181708558
2024,-150.9379767414648
2025,89.14267813228071
2026,92.79983098302182
2027,87.63114125861466
2028,94.2717793956399
2029,-77.55761729660298
2030,-123.967628326267
2031,94.21949725039303
2032,94.12693614512682
2033,85.10166883093189
2034,-78.99870553193614
2035,94.20992843201384
2036,-75.92540035693673
2037,-158.39483117172495
2038,85.14053780463291
2039,-81.00674480808084
2040,80.01855904472905
2041,-107.89306423347443
2042,80.9100514667225
2043,-83.3209026000277
2044,-113.6600010022521
2045,-75.99061854198226
2046,-146.6143388481869
2047,72.98511770740151
2048,84.13510256074369
2049,-148.65715645971795
2050,-72.95351822000885
2051,88.53758835373446
2052,91.11022370681167
2053,-89.89270027627936
2054,88.62161873925322
2055,90.41897995301406
2056,86.80173007059057
2057,92.53979501035064
2058,-125.40608135785442
2059,-74.38762074991246
2060,-76.07376822368278
2061,-93.8585017065052
2062,82.28409612621181
2063,78.90200020449993
2064,-137.26955098641338
2065,-78.92501940624788
2066,-83.440613357845
2067,-108.24745017662644
2068,84.85184461132303
2069,-76.80291330328328
2070,-95.99386298656464
2071,-74.19913653898402
2072,80.62814239805448
2073,-78.99502193144144
2074,81.06239226140315
2075,81.97260579280555
2076,-111.41500234603882
2077,-82.46295271243434
2078,-102.56897166837007
2079,93.07190167717636
2080,-87.34084352478385
2081,-98.83120318222791
2082,-80.6733097282704
2083,86.57450605463237
2084,76.30363042955287
2085,-101.51456712931395
2086,87.3389319460839
2087,-74.3391416819286
2088,-108.28238600119948
2089,-70.16789227281697
2090,-99.13545039264136
2091,-71.7662392508937
2092,-81.20799068291672
2093,-98.39260675699916
2094,82.00208962566649
2095,84.8730179968461
2096,-89.53316186767188
2097,-75.93918334096088
2098,91.13249517939403
2099,-94.60155916155782
2100,-74.44304652630672
2101,-71.01577406548313
2102,-126.30085876877274
2103,76.02450886730912
2104,81.93475988294813
2105,-106.99232858978212
2106,-72.29678160781623
2107,90.62264448043425
2108,-116.66784729366191
2109,77.74873487299192
2110,93.64145582693163
2111,82.20659610644361
2112,-99.1088357269764
2113,-78.62483158698888
2114,82.44159924983978
2115,-101.92041552811861
2116,89.35291582273203
2117,-73.86517649696907
2118,-88.0252517350018
2119,84.3798167874047
2120,-72.8888176326509
2121,-94.19513016194105
2122,75.37548839938245
2123,87.63195519393776
2124,90.58967755327467
2125,-75.8734403308481
2126,88.54163472075015
2127,82.35760782388388
2128,-95.14287387518561
2129,-74.46859508203636
2130,90.18982130335644
2131,90.39771097546327
2132,-85.95674941386096
2133,-76.95665011601523
2134,-95.70468899729167
2135,86.20912263984792
2136,93.48350692447275
2137,83.75592090527061
2138,82.86818099506854
2139,-85.23640591616277
2140,90.60516566698789
2141,79.89382834971184
2142,89.75435105897486
2143,86.01195601187646
2144,-102.54018125683069
2145,88.16211779238074
2146,-82.11546279728645
2147,-102.24826175905764
2148,88.16770493015792
2149,75.5097092075739
2150,-117.87896397372242
2151,-73.52079767855321
2152,81.02762285719655
2153,-103.78903908282518
2154,83.23043847165536
2155,-95.29434000409674
2156,-71.93233077824698
2157,82.78232777211815
2158,86.00781933462713
2159,-113.00601193392504
2160,83.69106212080806
2161,73.08783623268391
2162,-121.07097978424281
2163,-71.78063661682972
2164,-142.59318783663912
2165,89.35376995801926
2166,87.75258394947741
2167,88.04932541280868
2168,-73.0780659384327
2169,-87.02339674616815
2170,83.96690913487691
2171,87.23796032771497
2172,-108.67010939994361
2173,75.0755317399744
2174,-73.54616839427035
2175,-91.4678590902131
2176,81.23119805313763
2177,85.933356433874
2178,-104.52897334005684
2179,91.941052749753
2180,79.86270484770648
2181,-153.55050938331988
2182,-74.19346101829433
2183,90.23429445142392
2184,86.84818098458345
2185,86.73650120431557
2186,-102.7918259575963
2187,85.13386079086922
2188,79.70001142428373
2189,-111.11830764636397
2190,69.12897075200453
2191,-92.03129623795394
2192,72.68964989029337
2193,-82.33337163738906
2194,-97.46394091285765
2195,-81.40923163248226
2196,85.21686113599571
2197,-83.48815114190802
2198,84.53052864223719
2199,73.00117003975902
2200,77.59112895280123
2201,-95.59868521243334
2202,83.80132416449487
2203,-76.853936894855
2204,-98.22123557329178
2205,82.42137992740027
2206,-88.80665388100897
2207,82.27748342088307
2208,86.45247821411613
2209,87.37237335077953
2210,104.5768364630112
2211,83.09895686579512
2212,-72.80286199151305
2213,-100.21807229009573
2214,79.79011745596654
2215,83.46597144423868
2216,81.05387812457047
2217,-83.907181462273
2218,-82.75492571518407
2219,-101.6903379401192
2220,75.35697509581223
2221,90.37817478412762
2222,75.24231649732064
2223,-111.76735489815474
2224,89.17084475012962
2225,-73.38295228548668
2226,-98.40778078138828
2227,84.8267682766018
2228,82.33814435251406
2229,-102.42772551730741
2230,87.69321125978604
2231,86.51906668014271
2232,77.14088102539063
2233,-106.09316731244326
2234,78.67312917497475
2235,81.8385437693214
2236,-103.48036293685436
2237,-72.03315860538123
2238,87.43059629050549
2239,-90.48994053713977
2240,83.75118149445916
2241,87.51354357157834
2242,-88.52827011051158
2243,83.9230247181622
2244,-72.37325445582383
2245,-100.42540867673233
2246,83.20218660400133
2247,91.42044796748087
2248,92.05065954523161
2249,90.67600888444576
2250,-115.99383479108656
2251,91.47238891012967
2252,89.36917478341502
2253,83.80309559518355
2254,-56.364403428415244
2255,-79.18068974098423
2256,-223.13736510570743
2257,101.55159120255848
2258,119.22773903096095
2259,121.14973004162312
2260,101.29952333763504
2261,-102.52019637823105
2262,-72.40806940064067
2263,-75.49479861592408
2264,-64.93948197506688
2265,-59.119360196571506
2266,-114.29375920968596
2267,-79.58684224030003
2268,-90.47613718739012
2269,126.00350081175566
2270,-49.665884552901844
2271,-72.51379509235267
2272,-80.47857663291506
2273,135.02694983780384
2274,-77.87003578455187
2275,133.14609181725245
2276,114.28682179871248
2277,-86.52304500192258
2278,122.1362872828031
2279,134.35447420623677
2280,-56.15266554328264
2281,-76.02240924313082
2282,-36.34683980338741
2283,-72.76462579191502
2284,-68.58634200858432
2285,131.81018374487758
2286,-69.9629917559214
2287,-80.46924871977535
2288,-85.51421432400821
2289,112.22548088757321
2290,123.75881382681109
2291,105.11921442518951
2292,-96.97023927979171
2293,109.64236761064967
2294,101.2789352250984
2295,111.01128079414411
2296,-103.24244777113199
2297,105.53230740072104
2298,-90.47600841345411
2299,-65.88876868251828
2300,103.27367479508393
2301,124.9984506162873
2302,-94.30741356348153
2303,103.42572758812457
2304,109.00732309612977
2305,-138.0978474356234
2306,-73.37973066302948
2307,123.1837433159817
2308,-109.97212452034
2309,109.88582448923262
2310,100.92166730523604
2311,-98.75417853565887
2312,113.05508809059393
2313,101.88192420035193
2314,-97.6232082080096
2315,106.9725472247519
2316,119.61059015803039
2317,-98.13625772581872
2318,-60.67560308508109
2319,-59.66364132193121
2320,-116.90176674083341
2321,-24.63806785689667
2322,-152.39868763642153
2323,124.23062254115939
2324,118.51381603599293
2325,107.51695272879442
2326,118.80888280272484
2327,118.96993450296577
2328,-162.40037690848112
2329,117.71024359394505
2330,102.87762774938165
2331,-42.560304544866085
2332,101.2624826222891
2333,107.7769382490078
2334,-95.79883123515174
2335,123.10318785905838
2336,-52.35051796136577
2337,98.86024227595772
2338,-98.37514356896281
2339,127.5822676923126
2340,122.63314560055733
2341,-65.81606007596747
2342,-113.73590781725943
2343,105.59560299114673
2344,-105.82428081152466
2345,103.4332396320824
2346,103.6822227981811
2347,-102.40627979207784
2348,-53.4677869647785
2349,-84.22106252622325
2350,-53.073740685993016
2351,116.98105119395768
2352,-89.08354206557851
2353,111.74130324649741
2354,109.39092640927993
2355,107.76503101701383
2356,-86.69496793334838
2357,112.34364020213252
2358,118.01045299280668
2359,113.1638023739215
2360,-88.52114118740428
2361,120.99130128929392
2362,-69.5253765066318
2363,118.14367695292458
2364,-143.5531370624085
2365,102.82190265593817
2366,-74.5909854794445
2367,-94.78921649348922
2368,115.5726704080007
2369,-68.5279252746841
2370,105.5805998192518
2371,-75.7884863797517
2372,-68.45490053400863
2373,-133.96939911670052
2374,-68.16647774985177
2375,109.18782949843444
2376,-94.10079107494676
2377,124.98111793934368
2378,123.38258339464664
2379,-68.95048748332192
2380,-107.47389230458066
2381,102.97900865072734
2382,-69.83919137887278
2383,-98.38864871114492
2384,107.25543124997057
2385,-99.80339965576422
2386,106.61688431289804
2387,124.10846403241158
2388,114.16246492923528
2389,109.58506821381161
2390,-93.31549706310034
2391,-61.189792368408234
2392,-97.43902912409976
2393,123.72699289159209
2394,110.64167485025246
2395,122.6220263527357
2396,-104.38707213400039
2397,-70.28762243908932
2398,-83.9872493641451
2399,-82.0655138650909
2400,-76.15713616076391
2401,-86.84734209248563
2402,-56.507739128312096
2403,98.12900804892706
2404,118.48626310190639
2405,-49.99388818850275
2406,116.71163664059713
2407,-40.95696796581615
2408,-107.73300009965897
2409,121.30477844923735
2410,123.38009802211309
2411,-50.15890599740669
2412,-97.29620257019997
2413,109.72269823300303
2414,-144.63714383970364
2415,111.5112746785162
2416,101.98490554569435
2417,-69.52074491721578
2418,-94.06118994613644
2419,103.41500941151753
2420,117.61898376606405
2421,-92.45820771390572
2422,117.58695924293716
2423,106.84011294562515
2424,-100.12819807667256
2425,-47.27607673272723
2426,121.71531276125461
2427,122.14841302484274
2428,-109.34249559146701
2429,107.95319935376756
2430,103.71942741816747
2431,-94.16040015686303
2432,-49.66921897555585
2433,-98.79827419918729
2434,100.3355282524135
2435,-70.88211888892693
2436,-87.88980963488575
2437,120.56604815540777
2438,115.20533755104407
2439,120.108745863894
2440,-110.33611163096793
2441,113.2233365725624
2442,-94.96661255581421
2443,105.1337230244244
2444,106.94715845712926
2445,99.57326376804849
2446,-80.42964315414429
2447,-39.91174492571736
2448,107.70580373247503
2449,-91.55539075098932
2450,104.03722119622398
2451,-102.83059821309325
2452,122.11846473067999
2453,121.18186639994383
2454,-63.070065607957076
2455,112.2183423259994
2456,-90.29809059831314
2457,-69.1068748801481
2458,-92.3826027791074
2459,100.8815425291832
2460,120.9642745165911
2461,103.08646127776592
2462,-110.7339062698884
2463,110.12907217274187
2464,-50.39556159474887
2465,-98.20593619346619
2466,105.79164058819879
2467,-98.49718164177466
2468,-57.03364495077403
2469,105.17645828885725
2470,119.79744987934828
2471,-98.85966828409437
2472,109.6770844614366
2473,-68.52223795538293
2474,-66.50986019161064
2475,111.5278448330937
2476,108.03716769555467
2477,-98.67529448159621
2478,121.29324202012685
2479,102.2925678095271
2480,-92.64680463897957
2481,105.87879824091215
2482,-65.38950018061587
2483,108.78890592636344
2484,-108.91436138004065
2485,100.18710455676774
2486,-85.07231101277284
2487,103.21164162705827
2488,123.37508714085561
2489,-66.36017590501433
2490,-95.72916417685337
2491,103.6327575565956
2492,107.03447442292236
2493,-111.65159745374694
2494,105.75653568535927
2495,100.94708490988705
2496,-108.54057702980936
2497,110.29356095287949
2498,121.5595516274334
2499,102.19763242237968
2500,-106.88150988915004
2501,104.04252091815579
2502,106.70414460421307
2503,-96.14735886082053
2504,-65.09088537469506
2505,87.42654896155
2506,106.35260952974204
2507,-66.78440773952752
2508,-82.98886692083761
2509,-58.911355130781885
2510,-65.76798695625621
2511,-101.10778580984334
2512,111.90639709861716
2513,106.07470678768732
2514,-97.41018018277828
2515,106.77133462717757
2516,130.64472410321832
2517,124.87781797535717
2518,-95.89026762265712
2519,108.688550694671
2520,103.06150873977458
2521,-91.75348458858207
2522,106.48360978707206
2523,105.2555764386052
2524,-99.84082889545243
2525,123.27929731458426
2526,-67.96374335456494
2527,122.60629881639034
2528,-109.78299485810567
2529,-68.2512608228717
2530,119.65723703083495
2531,-104.54740160284564
2532,117.70115594693198
2533,-61.20760133529984
2534,-100.6328726933134
2535,125.13439130969346
2536,-55.74111216998426
2537,-90.39738988340832
2538,-15.944478519755648
2539,-57.59708103293087
2540,-99.01964347064495
2541,121.61894342707456
2542,116.03097704256652
2543,-103.20854944831808
2544,116.72808082291158
2545,-58.800974986399524
2546,-77.31486730882898
2547,120.78366959703271
2548,-47.94988753728103
2549,-105.21178875118494
2550,121.11704396631103
2551,101.295498009742
2552,-88.04358081988175
2553,-53.90997930415324
2554,117.43583202390437
2555,-92.08681220537983
2556,-55.46720102180552
2557,101.3115171136742
2558,-98.32074439065764
2559,-80.59761235350743
2560,-58.44813232519664
2561,-107.87395637109876
2562,-82.68171262508258
2563,133.44138311630013
2564,-70.41480059234891
2565,107.25409308139933
2566,-67.44108381017577
2567,-90.81785609055078
2568,99.8266166994581
2569,123.02008929848671
2570,-149.94549701327924
2571,123.31076316849794
2572,122.96621924638748
2573,118.3308620279422
2574,-66.57340324332472
2575,-111.0763722890988
2576,126.1216977232034
2577,118.74206825441797
2578,-85.20498431799933
2579,106.2686392655014
2580,-65.74423480841506
2581,-90.81698270031484
2582,-10.29109471476113
2583,-43.34845771235996
2584,-107.61463758349419
2585,126.1025172919035
2586,103.10965457524435
2587,-92.8721890974557
2588,-75.07886127646634
2589,-76.0129196760463
2590,-59.138679214636795
2591,-42.98228386049959
2592,-88.08601691946387
2593,-67.28026165993651
2594,-53.302526649378706
2595,-106.20049303723499
2596,111.34747798147146
2597,-76.1539701544898
2598,-101.83090812797309
2599,117.1942100362503
2600,-66.76332937527332
2601,-95.10075963975396
2602,108.83874081805698
2603,101.92953779441302
2604,-75.86578012257814
2605,-63.3336973193218
2606,-94.05030196651933
2607,-69.32466940861195
2608,103.16530897340817
2609,112.78041470795506
2610,-101.82323635369539
2611,119.80917810754272
2612,-65.10945544348215
2613,-95.29107480496168
2614,-55.92551811099838
2615,-105.39770285866689
2616,110.66262707844726
2617,-62.41622002978693
2618,-92.40230312413769
2619,108.4431711275538
2620,116.04388409724925
2621,-86.19879694556585
2622,114.88803376170108
2623,-68.31853484601015
2624,122.7611212991178
2625,-85.6966476667676
2626,114.69428760465235
2627,-48.817428865557304
2628,-100.43147170564043
2629,121.09109987691045
2630,-65.63639941297879
2631,-88.75238970667124
2632,123.09218507260084
2633,-56.87367441202514
2634,122.80053296389087
2635,105.72323918365873
2636,-93.49542965181172
2637,101.26944296283182
2638,-90.91502393965493
2639,118.24565334437648
2640,-50.61798740166705
2641,108.91485293744336
2642,-104.38618497923017
2643,117.237165419152
2644,-25.01227963261772
2645,-138.5281110048818
2646,-56.062961372430436
2647,-66.42287561375997
2648,-95.2459230646491
2649,96.43943384860177
2650,-100.37094196819817
2651,-15.060039555639378
2652,107.21206498268293
2653,-101.08341599386767
2654,-39.376877689617686
2655,118.89264216274023
2656,113.84806401116657
2657,-89.96890896954574
2658,-39.50815161145874
2659,105.67659830654156
2660,-108.72896479815245
2661,103.18259050721826
2662,110.90077140412177
2663,129.75472336262465
2664,103.87989183430909
2665,-71.07824606241775
2666,125.23814786886214
2667,-86.4656047062017
2668,101.00463986163959
2669,-26.297318391647423
2670,-99.17768336832523
2671,-73.69963739381637
2672,108.64023639279185
2673,-122.34007136896253
2674,118.81843046109134
2675,-67.79602697075461
2676,-106.89727813564241
2677,105.07155902613886
2678,103.74728534332826
2679,-92.05384430848062
2680,111.66043996658118
2681,-62.37654356987332
2682,-98.45984046394005
2683,-77.47873934649397
2684,-83.31182170356624
2685,130.36570246863994
2686,-0.2040639061597176
2687,125.22756817750633
2688,-105.80827058840077
2689,114.06959695760452
2690,-63.475201654975535
2691,-83.65641735427198
2692,-61.904514078691136
2693,106.63177509742673
2694,-101.42968230880797
2695,106.51054785144515
2696,104.7758891172416
2697,-102.45800168812275
2698,-63.9018837204203
2699,110.3298893935862
2700,122.78786097466946
2701,-101.13599815266207
2702,112.19573777358164
2703,110.91932546460885
2704,-150.38618228585983
2705,107.5949320315849
2706,121.99202466526185
2707,106.58161776347697
2708,-97.99063001142349
2709,104.21714515716303
2710,110.73443197004963
2711,103.62254417824442
2712,-147.4531322963594
2713,114.26563827770588
2714,-64.27235277667933
2715,-101.51876793394331
2716,-16.300554860499687
2717,101.29157077270793
2718,-110.49928838631604
2719,109.05862487049308
2720,109.43688091196236
2721,-111.4696956489006
2722,115.18685942597222
2723,107.23372113250662
2724,-134.99531162684434
2725,115.87395121168811
2726,119.77390237525105
2727,104.83838462253334
2728,-11.537304750818294
2729,-119.69934872537851
2730,118.85857772640884
2731,104.11956627795007
2732,-89.41177292194334
2733,-28.94448525961343
2734,-49.52573817339726
2735,-116.3301592618227
2736,105.34850604174426
2737,103.31289711475256
2738,-115.96506445668638
2739,117.56442863598932
2740,103.35272087348858
2741,-78.9213793957606
2742,108.36365514714271
2743,112.95415961946128
2744,108.80251432867954
2745,-106.3498871922493
2746,-57.41449699641089
2747,-127.24070630769711
2748,-64.00042183288315
2749,103.51333224281552
2750,121.31159839243628
2751,-95.64071326563135
2752,116.5371483899653
2753,99.6859745249094
2754,-101.48523013442173
2755,121.23082520018215
2756,115.86164813682262
2757,118.3525093546341
2758,-100.29960537367151
2759,116.37668944330017
2760,97.01864057438706
2761,-72.88120746653294
2762,124.64067287743092
2763,-81.9064190252684
2764,-79.7905247900635
2765,-81.00886722956784
2766,-78.57460562838241
2767,-64.27075777589926
2768,122.48127617686987
2769,115.93741611414589
2770,105.72622920724098
2771,-107.59672533428238
2772,117.8905823508976
2773,103.1549943753489
2774,-99.40936597902328
2775,102.20989854563959
2776,125.84384804591537
2777,-52.59446769655915
2778,-101.56230007112026
2779,118.66640202087001
2780,-44.33187001046463
2781,-99.09541160613298
2782,-56.01878059050068
2783,-59.26784746843623
2784,-88.37291016511153
2785,-71.09280177089386
2786,118.6672311235452
2787,-78.48374806949869
2788,-66.9306798587786
2789,119.19500807242002
2790,-115.43361105024815
2791,-59.06604687101208
2792,-93.34717592130619
2793,124.502218157053
2794,116.85428546078037
2795,108.89010442318977
2796,104.58482401340734
2797,-93.62083917111158
2798,-62.737820114183705
2799,-103.00698572475085
2800,-43.044567257944436
2801,112.9640967992018
2802,-77.36780153482687
2803,120.93655686243437
2804,-58.47785750435287
2805,-99.03402194811497
2806,106.40049907121283
2807,97.27878630021587
2808,-87.88884090073407
2809,113.01560613675974
2810,116.72147048873012
2811,-70.37331186679694
2812,100.4571802370192
2813,108.0288463216857
2814,111.59389932618433
2815,-99.71855342388153
2816,119.23837512618047
2817,120.84023800457362
2818,-97.18179899838287
2819,98.84413893297278
2820,122.01512699318118
2821,-93.7601835388923
2822,104.78517316424404
2823,102.69786561201909
2824,-82.51422280320548
2825,127.30508880148409
2826,-80.2215342081854
2827,-75.5561064966023
2828,-82.67636918835342
2829,122.97127860307228
2830,-82.75929392513353
2831,-79.89412184096727
2832,-81.41476146737114
2833,-82.22132823747233
2834,-83.6661596398626
2835,-58.79142249276629
2836,-83.35903765121475
2837,136.2065416177211
2838,-90.23805718868971
2839,123.29087145914673
2840,148.55141073961568
2841,99.5989428521134
2842,123.18436949088937
2843,99.44956773135345
2844,108.69417519829585
2845,-106.53931918367743
2846,-79.59428446507081
2847,-77.36085416655988
2848,-79.50914131299942
2849,-80.4250587959541
2850,-94.150285015814
2851,133.0475833415985
2852,-78.3061164280225
2853,-99.67361902458651
2854,122.57241624846938
2855,-71.86795935488772
2856,-78.09493331181875
2857,106.31941587300389
2858,107.15762482810533
2859,-93.37825554450183
2860,104.69584751306684
2861,129.6597257219837
2862,156.0455260979943
2863,135.88558603823185
2864,-82.11057599959895
2865,-49.40579672239255
2866,-76.90363974613138
2867,-54.95444752671756
2868,138.82416025860493
2869,-46.897476734062366
2870,-79.26000380143523
2871,-60.14960820614942
2872,-83.22853827523068
2873,-90.37737030535936
2874,117.30959990166593
2875,-56.78703201845565
2876,-93.09642556868494
2877,-81.89639308024198
2878,133.4179480670682
2879,-76.43821875564754
2880,-81.20775536901783
2881,-83.11399288102984
2882,-80.08313032786828
2883,110.7738653877168
2884,-105.80708516598679
2885,-66.63388504472096
2886,115.01815367146628
2887,-22.74298116870341
2888,-182.57657921596547
2889,100.36556940467563
2890,-10.911855310981991
2891,123.20814333483577
2892,123.85931562632322
2893,-66.69526279950514
2894,114.68434002907452
2895,123.81469327770174
2896,121.8973796935752
2897,-63.75238492549397
2898,114.4164633465407
2899,111.77103959448868
2900,-60.24997005518526
2901,108.28833580156788
2902,124.03898448497057
2903,-45.185999007830105
2904,-8.398827361583244
2905,-11.816965821897611
2906,-55.895428670803085
2907,122.87121460758499
2908,-10.093658062593022
2909,-49.386873491690494
2910,109.77688186379964
2911,-3.2618031622841954
2912,-40.84793557881494
2913,109.13811846883618
2914,111.91173878323752
2915,-43.59416928095743
2916,97.90606988675427
2917,101.55554804819985
2918,-51.10146261754562
2919,-16.964689841457584
2920,103.25103753211442
2921,-44.30348616177798
2922,118.75968643726083
2923,122.19090501914616
2924,119.13417529180151
2925,118.45294310897589
2926,105.04250258917455
2927,-10.419082054424507
2928,-18.061985844629817
2929,-44.80075809815753
2930,103.74810609730775
2931,-2.8712959160329774
2932,-52.278764718379534
2933,103.81888861506013
2934,103.87632162391674
2935,-56.06482197716832
2936,-0.3798057781532407
2937,-34.65983837726526
2938,125.11869387759361
2939,105.27573025674792
2940,104.98868995331577
2941,-64.71920444816351
2942,104.9865593923023
2943,116.72003417168162
2944,-56.055991293280385
2945,110.19541485531954
2946,102.66066247122944
2947,-34.252674637478776
2948,114.75521376234246
2949,114.57155114685884
2950,111.61803526876247
2951,-44.70567046353608
2952,121.32154762232676
2953,-17.83608003196423
2954,106.10361818225647
2955,-44.46255853027105
2956,122.21018729981733
2957,-9.898035789956339
2958,-71.29964943121013
2959,-19.076803230826044
2960,-48.92191141913645
2961,122.74739823490381
2962,118.04384279123042
2963,-10.343816604436142
2964,-56.61284443421755
2965,-4.718758823226381
2966,118.4996083121514
2967,106.1483789505728
2968,-70.77219676598907
2969,121.50694316352019
2970,-20.96445012645563
2971,119.52251997712301
2972,112.53858632838819
2973,-9.455634434121748
2974,102.84909055544995
2975,115.96026854063166
2976,101.54010488262247
2977,107.71204730728641
2978,-51.854028185713105
2979,-12.561046094655467
2980,112.06871714808221
2981,-50.56968689104542
2982,105.71742446775897
2983,105.22252753621433
2984,-103.44955510133877
2985,110.99071583733894
2986,108.92534804949537
2987,-12.036167454498354
2988,-54.89040557270346
2989,104.70812561328057
2990,103.9601363138645
2991,-55.123955857008696
2992,98.70009101408505
2993,-49.76065872336039
2994,123.85428000614047
2995,103.86546786371036
2996,122.39636313170195
2997,-3.210750586100403
2998,-43.934488505125046
2999,-17.881854828447104
3000,-52.61065370077267
3001,109.06878776757367
3002,106.22318150202045
3003,-41.70882725273259
3004,-17.275505376535875
3005,118.86335485588643
3006,115.03704017878044
3007,119.74125769734383
3008,-54.28250061161816
3009,101.64428380821482
3010,-41.08375197243731
3011,105.31411650590599
3012,106.78589700752491
3013,-42.62917510943953
3014,-11.907148426036656
3015,102.97411580127664
3016,-57.85019385162741
3017,111.74874014192028
3018,100.42130050174273
3019,-52.96674694586545
3020,-17.30436921254295
3021,115.74313969846116
3022,118.52533683393267
3023,-59.97933096719498
3024,101.48431490483927
3025,102.03044954054349
3026,112.51777356676757
3027,108.27366248401813
3028,103.53786847216543
3029,105.44280266750138
3030,-39.49835034494754
3031,101.60842121181486
3032,121.12713713065023
3033,116.29212880274281
3034,-56.777965311310254
3035,103.52824257855536
3036,108.65657596864185
3037,-58.734819680219516
3038,102.11517968025873
3039,102.00057108535111
3040,-68.15441514656413
3041,106.12911062094645
3042,112.68696946074488
3043,112.2176015534933
3044,-64.51518493890762
3045,106.36206658632727
3046,-33.528763201728
3047,102.00590067973826
3048,118.38418576344702
3049,99.13232474798679
3050,-45.457487078383565
3051,104.53163462842349
3052,117.3350880369544
3053,125.19926721602678
3054,-56.539350725128315
3055,-29.163509379599418
3056,86.69580762323312
3057,104.07779411313822
3058,95.47047038350138
3059,102.34236860647798
3060,96.05359909881372
3061,-110.9991096649319
3062,87.39862551097758
3063,92.4085825275688
3064,78.70183591794921
3065,-107.59890266678121
3066,81.39869020646438
3067,97.11657255097816
3068,79.94988101730269
3069,-109.06722282878764
3070,80.14083283970831
3071,101.15955959190615
3072,97.82738705268275
3073,80.35694818559568
3074,-102.99636537581682
3075,74.93814005493186
3076,89.43988870055182
3077,-25.293376612477005
3078,109.47589993663132
3079,-34.34042886458337
3080,-126.54136024368927
3081,-32.83738277369412
3082,-33.11820989951957
3083,-117.62965377420187
3084,101.83353560609976
3085,-15.247833617497236
3086,-119.85981117854317
3087,-34.07235682301689
3088,-16.237052510259673
3089,-119.69981018640101
3090,98.32847939932253
3091,84.4323694693303
3092,78.44617160398047
3093,103.53355080223992
3094,-101.38985151425004
3095,79.38624294218607
3096,80.23795054864604
3097,93.80038300320302
3098,-108.55942553147906
3099,83.35771391933667
3100,96.95379483595025
3101,93.8528244686895
3102,89.63514868897619
3103,-110.63941892609
3104,91.73516481684055
3105,97.04166346722923
3106,83.95254153915448
3107,-116.7766727459184
3108,92.30777460891477
3109,82.4205439897487
3110,94.67451422277372
3111,86.03150651010219
3112,-101.86313874198822
3113,87.68241382908309
3114,87.26907375390874
3115,88.08137347578304
3116,100.96002315083751
3117,-131.47659424692392
3118,76.90168933112363
3119,100.46620026134951
3120,-119.33995662257075
3121,81.87916481040884
3122,78.11326860953704
3123,103.30634792942146
3124,101.81595416343771
3125,-107.38401455059648
3126,80.20882447625627
3127,85.21501539603923
3128,92.02172349888133
3129,-114.06069119088352
3130,104.63446577265859
3131,79.57055534154642
3132,88.62550036185712
3133,99.05997226119507
3134,-110.73826801776886
3135,82.14543474989478
3136,82.23106606828514
3137,95.98997834778856
3138,102.03257842699531
3139,-105.93421922251582
3140,91.92754551416147
3141,77.87138590525137
3142,92.20111178798834
3143,-109.18306840379955
3144,85.15687855758006
3145,85.97347378823906
3146,79.16471974649176
3147,-98.93385398705323
3148,98.54689163691364
3149,88.40141233068425
3150,82.86725753574865
3151,87.19751896493835
3152,-105.43698768690228
3153,84.66915518243331
3154,80.46429038203496
3155,94.47646355710458
3156,-112.65283890522551
3157,76.01193504908588
3158,101.39979446306825
3159,83.68874741613399
3160,-115.02676422183868
3161,79.1280284949462
3162,92.78614576091059
3163,102.39227931611094
3164,84.54712723285775
3165,-105.78846445120871
3166,80.1638107591134
3167,88.14924695240916
3168,83.77746658632532
3169,-104.7363322408346
3170,77.11809046435519
3171,98.55570612341398
3172,79.09896272356855
3173,-112.07838111557066
3174,87.36245140476967
3175,78.09691758890403
3176,103.60602719523013
3177,96.12414901712327
3178,-106.82453345879912
3179,86.99196844191465
3180,102.53300503227365
3181,83.16923462465638
3182,81.1295011601178
3183,-102.65919019281864
3184,-23.37060118530644
3185,81.50902023911476
3186,84.50391377403866
3187,-100.77365714800544
3188,96.51130143687988
3189,103.1036615275807
3190,-21.414195193108753
3191,-107.43830492845154
3192,-19.060206951166037
3193,90.00570769750266
3194,87.41958827515191
3195,-106.02779521048069
3196,91.80548440848361
3197,97.65233336912934
3198,90.60489019608212
3199,84.7843266124546
3200,-104.77723743207753
3201,92.67142555466853
3202,83.4202787798713
3203,-28.92143027536804
3204,-111.0429012812674
3205,97.55054577613191
3206,77.75514179377933
3207,97.27818721774383
3208,103.25717775296653
3209,-129.696278212592
3210,103.3842142522335
3211,89.63625014739227
3212,94.83352167136036
3213,102.13106769431033
3214,-114.59926431576605
3215,94.1513354141789
3216,93.37103273818502
3217,82.54137016506866
3218,88.4922695911373
3219,-104.19769379869103
3220,76.71561041314271
3221,78.9522917229624
3222,-120.443823306181
3223,79.74168232287047
3224,77.5012178121251
3225,100.75586959242355
3226,-99.24104011377858
3227,84.34503945373581
3228,81.9049958785763
3229,84.31526214283076
3230,-112.1344901251141
3231,93.51160351881845
3232,98.5391559588752
3233,-33.2796931816265
3234,-100.17863602936268
3235,97.12404893363964
3236,77.52835223288275
3237,90.35284838886582
3238,-124.9900243433658
3239,85.72219861580561
3240,89.4910916974186
3241,78.58807263892595
3242,-102.06142105162144
3243,75.42641533288406
3244,93.22174548741896
3245,85.13890224992065
3246,-111.5366505109705
3247,-20.73436359840889
3248,78.64310462617141
3249,92.30697391784634
3250,-7.462892281109816
3251,78.22988892148715
3252,96.16009862092324
3253,-111.58177345432341
3254,77.98632795776939
3255,86.39321425755043
3256,79.59658511463203
3257,-100.91813774965703
3258,14.614361433894373
3259,99.93062177486718
3260,87.91555507411249
3261,-112.25220326916315
3262,103.39032486169162
3263,82.19254997525104
3264,87.6267633465468
3265,-113.91859122063033
3266,90.74174775416031
3267,96.6886153894302
3268,92.45796715281904
3269,-120.45894452705397
3270,90.19084746448789
3271,99.52719138457906
3272,99.46660440950654
3273,3.635811020678375
3274,-99.92635637335479
3275,88.46501313467161
3276,82.03570239951114
3277,91.95904048008379
3278,92.32171440089587
3279,-101.27444442361593
3280,79.54260456294287
3281,75.80760433348041
3282,-115.67927648333716
3283,94.40922184444207
3284,90.13114359672181
3285,99.74437140556984
3286,-114.40775006834156
3287,80.94523456963361
3288,103.9063750473797
3289,81.39756278239656
3290,-116.95633003438707
3291,89.10507423302624
3292,87.24097389815142
3293,79.19712049735244
3294,-113.13213433418423
3295,97.27700746199844
3296,101.17654021939961
3297,81.64041844601161
3298,-120.42900031860336
3299,96.29855852262517
3300,98.1946967371041
3301,89.14950248692185
3302,99.37522407461074
3303,92.7528887535409
3304,-127.53361657261848
3305,86.77809506328776
3306,86.02557207169593
3307,-108.13969865679974
3308,78.33981992409099
3309,86.63112035999075
3310,103.98815811797976
3311,99.1060211956501
3312,96.2104136061389
3313,-100.09861831313174
3314,80.79617946228245
3315,87.78857572382549
3316,83.40799596291617
3317,-110.17051764111966
3318,85.04319368395954
3319,84.10041327378713
3320,86.52999343624106
3321,-104.64438098017126
3322,80.25628942508774
3323,88.73814161954215
3324,80.80407559791638
3325,-106.63725016824901
3326,95.18502917600563
3327,78.81843332241988
3328,98.55079441954149
3329,-118.79464277242369
3330,74.69917086174246
3331,89.92762885038974
3332,97.27603100560373
3333,-123.21353794634342
3334,90.42874951750855
3335,88.88883350227843
3336,90.51498198260379
3337,-121.78570282842702
3338,77.58568106294842
3339,81.12475914345123
3340,86.47479868202936
3341,-122.94636099040508
3342,88.15690772058588
3343,95.08473663817858
3344,99.29615887894761
3345,-105.61261114630906
3346,98.88201560490415
3347,85.8067823843885
3348,83.57317780132871
3349,107.19353703608067
3350,-112.15008396329358
3351,77.75598566408735
3352,85.41347522597061
3353,-120.02891741273925
3354,80.9117591639515
3355,78.63344100260292
3356,94.79976848883962
3357,-109.35895122494549
3358,88.46684745488164
3359,81.07339177560061
3360,96.94481046954752
3361,-117.16755158366868
3362,-15.54139143624343
3363,96.8542957821046
3364,100.82293034216855
3365,-120.61347230098909
3366,95.38869791280013
3367,98.76141075463966
3368,84.50424214349187
3369,85.81806362024508
3370,-97.83009072393179
3371,84.43142643547617
3372,89.20342143304879
3373,104.98043679539114
3374,81.37332947936375
3375,-101.54460735619068
3376,105.80095894317492
3377,79.70273932092823
3378,81.95688628626522
3379,-103.326911092503
3380,83.97901525977068
3381,103.946707370691
3382,97.91689947544364
3383,96.515216386877
3384,-121.46629636036232
3385,97.2897176828701
3386,79.38473404495744
3387,97.852417805203
3388,-114.43851889693178
3389,80.30035967828007
3390,105.37998541817069
3391,93.5592947753612
3392,-109.67484226636589
3393,79.9348773881793
3394,84.88034655922092
3395,82.67528644925915
3396,-107.74428053945303
3397,91.07511120600975
3398,94.9443692758523
3399,84.02322832663776
3400,97.71303720350261
3401,104.17291573062539
3402,-98.66899280250072
3403,100.52250088171422
3404,91.71698945245225
3405,83.00710128656647
3406,100.05369570129551
3407,99.51005125779193
3408,-100.71043348312378
3409,97.27144442219287
3410,92.51267482976255
3411,80.42950870987261
3412,88.18512366292998
3413,-105.40019334480166
3414,77.45234606345184
3415,79.53835954459828
3416,-116.69776094354165
3417,82.94389872063766
3418,101.71326632684213
3419,100.34485514194239
3420,84.70911430387059
3421,-113.33247324451804
3422,93.7908433706616
3423,82.29763974076559
3424,98.46977881369457
3425,87.54731012810953
3426,-106.24062386900187
3427,91.54320976277813
3428,84.10402543004602
3429,-16.01312824714114
3430,-102.32195681438316
3431,97.32015779439826
3432,99.65887209196808
3433,82.82862233906053
3434,93.60236126453674
3435,-112.92809564381605
3436,-20.120927029987797
3437,89.91385469978559
3438,101.82803972711554
3439,-115.14783495478332
3440,81.86783002107404
3441,85.51663838786772
3442,79.78257194114849
3443,-100.76642680726945
3444,97.05004115806514
3445,-24.62070759020571
3446,84.04752809990896
3447,-135.37694964371622
3448,90.25840214255732
3449,79.34181501710555
3450,-112.42053006403148
3451,101.26684660939645
3452,89.22452665907622
3453,85.35163860209286
3454,-110.20223062470905
3455,101.99922190036159
3456,101.18770486931317
3457,-23.75373854596546
3458,87.22636616945965
3459,-104.41026383219287
3460,-18.0642344806256
3461,85.96055512927705
3462,91.02630048137507
3463,-111.03541995212436
3464,84.60512032348197
3465,94.19088449107949
3466,82.94780613505282
3467,101.3101881313778
3468,-101.63551823794842
3469,83.00828838249436
3470,81.15503488318063
3471,103.94119108654559
3472,-117.36532783461735
3473,95.68139284774952
3474,101.5645756968679
3475,80.08615854059462
3476,-122.79534836545645
3477,77.94598886033054
3478,79.65949346135312
3479,-122.57827102616739
3480,78.17749776132405
3481,100.60799095858238
3482,81.9562803953304
3483,92.66772606782615
3484,-100.9194704964757
3485,95.3072492586216
3486,92.385718501464
3487,83.08733792207204
3488,-118.52184204757214
3489,82.27948148280848
3490,102.54025623420603
3491,86.55555969831767
3492,82.13069732155418
3493,-100.92471879720688
3494,79.44083912853966
3495,88.6301317996622
3496,97.96108804827963
3497,-118.0645490949828
3498,83.33599552861415
3499,82.68376001965953
3500,98.56770768074784
3501,-112.95256546833843
3502,85.57045982626732
3503,97.58355155296158
3504,96.11136429558974
3505,95.6831179971341
3506,-108.3324935567216
3507,99.42929616110632
3508,92.41716013606128
3509,86.15445221649134
3510,96.03604035649914
3511,88.9529135604389
3512,-100.81270238757133
3513,-13.836493443737709
3514,87.14302367117489
3515,-122.17299542797991
3516,105.19465572491754
3517,87.399245322973
3518,86.26795248636336
3519,-112.66136052447837
3520,4.8186069974908605
3521,87.29109102045186
3522,99.66623588954099
3523,-113.6412059123395
3524,100.89216219477021
3525,8.748505834606476
3526,100.29236999666318
3527,97.48743331764126
3528,-112.30178029090166
3529,80.46715793275507
3530,10.533123079396319
3531,96.54731557841296
3532,-131.35355384275317
3533,89.21391248331929
3534,83.58361252618488
3535,-114.53158238189644
3536,90.12101942921436
3537,87.90285345190205
3538,97.55608172668144
3539,102.47988947988051
3540,-120.05101430218201
3541,84.50881205906626
3542,-0.7725089523009956
3543,-116.76030579220969
3544,103.09931818940095
3545,87.18613781302702
3546,81.97253088385332
3547,88.84840172843542
3548,-100.93856482207775
3549,-4.607753698939632
3550,97.05481195580796
3551,103.35564368171617
3552,97.71055220822745
3553,98.42041429877281
3554,-22.21652752935188
3555,-15.60842741309898
3556,-107.96585731580853
3557,-21.524759237102444
3558,102.20564771979116
3559,94.12336783320643
3560,-104.10001995084167
3561,95.58144749922212
3562,104.3356968946755
3563,100.67838653118815
3564,83.23703490873595
3565,-119.919599242392
3566,96.68642736693437
3567,86.05449438432697
3568,98.64658225391759
3569,91.20072601301945
3570,-133.47420613653958
3571,88.28336359167588
3572,9.146724744484345
3573,-120.61613688245416
3574,88.78882633260218
3575,104.67098061647266
3576,-18.76161302489345
3577,-109.51237072033109
3578,-24.700310817337595
3579,104.67330629564822
3580,88.70333921688143
3581,103.54885644174647
3582,-38.33597118034959
3583,99.95656982727814
3584,79.81203085090965
3585,-115.01054819987621
3586,104.40059735452394
3587,100.48832772884634
3588,-21.051534969592467
3589,93.87275148241315
3590,-116.1193529299926
3591,81.40302566387254
3592,99.70863176700368
3593,93.35887423262466
3594,-121.42685515401536
3595,77.50631497622817
3596,99.20287493358774
3597,94.14570019050734
3598,89.87430088757537
3599,-133.86960092635127
3600,87.44157996829017
3601,-15.305750478932168
3602,-125.91490766778588
3603,89.13812243239954
3604,-26.53110679856036
3605,-139.5849489858374
3606,84.70021830056794
3607,94.92783675156534
3608,-117.42604015767574
3609,-5.191831987991463
3610,96.69402507657651
3611,99.44946604629513
3612,-36.12990443917806
3613,105.88972699642181
3614,100.89878465712536
3615,13.93176250567194
3616,-21.836030716222012
3617,-33.23742485744879
3618,-33.62738842261024
3619,-21.103804736805614
3620,-35.48157265968621
3621,-35.71949654072523
3622,101.03847916948143
3623,-14.589179954229621
3624,-34.859013479202986
3625,-14.893185772030847
3626,114.05559894838734
3627,99.68413748237072
3628,-36.14971828088164
3629,-35.538576919585466
3630,-98.11521360184997
3631,-28.505578215466812
3632,91.73139465216082
3633,-35.73694622190669
3634,-34.39382380992174
3635,-18.923665565700503
3636,-22.102379603049485
3637,84.38135483604856
3638,98.5234427928226
3639,-117.35985796712339
3640,100.52627311408287
3641,86.26638008074951
3642,97.10362792667001
3643,-120.47042495892674
3644,-16.939693161140895
3645,99.77709593035979
3646,100.2110414678391
3647,-41.4988635975169
3648,102.46583093999652
3649,-20.374017892507254
3650,102.39494854770601
3651,-125.16970138554461
3652,97.00218357995618
3653,11.212666711377096
3654,104.92870377004147
3655,95.6790462659119
3656,-134.51679767109454
3657,102.73113518976606
3658,-4.595292537720525
3659,-107.5132206294511
3660,83.99145824668813
3661,8.17606200645605
3662,101.95532557967817
3663,-119.68010413995944
3664,85.64345247112215
3665,89.04565578122856
3666,-126.34096012193186
3667,105.05057107662651
3668,-18.98968500283081
3669,92.53039678395726
3670,-34.708947160397656
3671,93.54274473268015
3672,79.95491422759369
3673,-129.28977885399945
3674,93.13515267823823
3675,81.69593362754676
3676,104.0624700654298
3677,-125.30871715862304
3678,78.68120797253505
3679,14.606903208958101
3680,-130.63489899691194
3681,-17.69458860337727
3682,94.8142773117288
3683,101.97322582575725
3684,-130.6732486821711
3685,89.66233391361311
3686,96.70686556472356
3687,94.69596920278855
3688,96.44427512725815
3689,-134.85279125720263
3690,102.51191795943305
3691,87.50883083983354
3692,-124.7494469715457
3693,100.65692401415436
3694,82.92662773048505
3695,88.10949003044516
3696,-123.2014028262347
3697,93.47226661258901
3698,86.04840031612548
3699,80.85091636594734
3700,-130.12252995581366
3701,105.34842200949788
3702,88.54711867858714
3703,19.65037835109615
3704,-137.83386788517237
3705,104.15396457351744
3706,96.65502214679145
3707,88.0843093855924
3708,-116.69265554845333
3709,82.61262317569344
3710,-16.23443566716014
3711,-126.09220307413489
3712,92.62396647223795
3713,88.42510093149758
3714,96.13183376772213
3715,-111.1545441885246
3716,85.94752701904144
3717,84.80586477273027
3718,87.12087405088823
3719,99.41907458251808
3720,-137.06037512421608
3721,89.42151898541488
3722,95.15272015237133
3723,-112.0824974339339
3724,77.05484037118731
3725,101.42873216135195
3726,103.49461526464438
3727,89.16065191815142
3728,-118.6335956454277
3729,88.62347341707209
3730,104.65334839798743
3731,-18.304887978345505
3732,-130.9610088095069
3733,78.97248727803526
3734,91.85077372944215
3735,-42.59074268117547
3736,93.42203132568102
3737,107.72623129934072
3738,-26.364383196574636
3739,-44.88370265066624
3740,82.97022833832307
3741,89.94684507057536
3742,-41.810157511383295
3743,85.7646844201372
3744,93.30296778690536
3745,101.54474840604234
3746,104.44905727729201
3747,-137.5926340520382
3748,103.3938283212483
3749,82.9574009591015
3750,103.30707807399449
3751,-113.45158769655973
3752,94.88804553418186
3753,79.92972925957292
3754,95.12497040774906
3755,-119.37813633098267
3756,85.83245733342483
3757,101.62187480874127
3758,91.79080601796159
3759,104.06494067097083
3760,-132.7895177192986
3761,103.35797036674194
3762,84.91305666250992
3763,-7.505722466988118
3764,-141.97303483635187
3765,86.53639899310656
3766,101.19717247529479
3767,90.28526035073446
3768,-139.6011852324009
3769,88.63080218584219
3770,87.23478605179116
3771,-119.79744312353432
3772,106.06255977321416
3773,82.6619836864993
3774,96.31999543274287
3775,100.13171817880357
3776,92.61148770528962
3777,-138.0013888925314
3778,92.63716944681073
3779,99.24312286661007
3780,95.2997717470862
3781,-110.42086777642544
3782,96.81862017343519
3783,92.86751384657691
3784,85.88853383716196
3785,84.65399019158212
3786,-136.96083073318005
3787,84.23822135291994
3788,84.16015180072282
3789,-112.53862899169326
3790,104.13348510116339
3791,98.43060479889027
3792,101.98002155523864
3793,84.02938685263507
3794,-118.64214895950863
3795,78.38018714724603
3796,101.22202610445675
3797,87.11490874493029
3798,-103.96254801843315
3799,93.57169167671964
3800,86.72581113618799
3801,89.07998827897245
3802,-127.65805638954043
3803,99.45914440939669
3804,-20.144748842169065
3805,99.16305592356366
3806,-125.04144703404745
3807,100.05432806904719
3808,104.34957170765847
3809,84.54934407700785
3810,102.3956560100778
3811,-134.6971588730812
3812,14.99988262844272
3813,89.08768564528145
3814,-134.66785214841366
3815,3.5595574451435823
3816,101.33205831704618
3817,-133.41795249469578
3818,-5.35767798445886
3819,90.7371889015485
3820,-119.91694309469312
3821,91.45936514914501
3822,87.06406241905643
3823,80.65202535969274
3824,-120.23272584658116
3825,-31.616299035958946
3826,-28.078163521247916
3827,-37.999420054256916
3828,79.74632390806437
3829,84.01387132960372
3830,-139.30432970589027
3831,93.3410112092024
3832,101.10996798676206
3833,98.90472339026746
3834,89.65972068835981
3835,-135.94763806497212
3836,90.28481938767072
3837,-22.274374014144996
3838,-132.38848119601607
3839,-14.00220885683666
3840,94.86249002095428
3841,102.89224601443857
3842,-140.92093420401216
3843,99.74612915176476
3844,86.96117378526833
3845,96.75422063004225
3846,-43.32508847117424
3847,102.88896295800805
3848,90.9089082860446
3849,-105.07639261288568
3850,-0.4652918298379518
3851,-5.540211442310465
3852,-86.85319187649293
3853,-19.44710492474678
3854,86.17504628951428
3855,83.52368874585954
3856,-134.7272753387224
3857,85.82517855928745
3858,85.88862941070693
3859,-115.00598831474781
3860,100.77271870235563
3861,83.95775346690789
3862,76.79275078346836
3863,-119.62920641497476
3864,86.77621068549342
3865,97.07641308417078
3866,102.38352571206633
3867,100.73266399122076
3868,-121.20196284819394
3869,83.17704710945691
3870,85.16614895599196
3871,-117.18155780626694
3872,82.86117699135139
3873,82.78577013632639
3874,-120.6802754876262
3875,105.340222267434
3876,86.91488798634964
3877,86.921748403518
3878,-114.32048389717238
3879,86.30775143147912
3880,88.61811799113639
3881,96.34703138135956
3882,97.57274391531246
3883,-111.487030343269
3884,101.06515817629406
3885,88.5126747815957
3886,-16.479351922378555
3887,-115.29940592963248
3888,-23.901393147563795
3889,94.63077871012501
3890,85.77552326733712
3891,-137.7980169071816
3892,104.57795205595903
3893,84.62453995397664
3894,-112.37443217914551
3895,92.01674676427501
3896,86.18623325799126
3897,90.04109170337324
3898,87.11918672372121
3899,-116.37795537337661
3900,104.20146912171185
3901,80.33141908532707
3902,97.84747340030299
3903,-138.18958317488432
3904,83.1680321014137
3905,87.56091433315305
3906,99.80374160141218
